latn_norm,han
a1,丫
a1,亞
a1,阿
a1,鴉
a2,拗
a2,掗
a3,䛩
a3,亞
a3,詏
a6,啊
a7,啊
ah4,呷
ah4,押
ah4,鴨
ai1,哀
ai1,唉
ai1,埃
ai1,挨
ai2,藹
ai2,靄
ai5,𡟓
ai7,哀
ai7,哎
ainn3,愛
ainn3,欲
ainn3,艾
ak4,惡
ak4,抑
ak4,沃
ak4,軋
am1,庵
am1,𤲅
am2,飲
am3,暗
am3,黯
am6,頷
an1,安
an1,氨
an1,胺
an3,宴
an3,按
an3,晏
an3,案
an3,鼴
ang1,尪
ang1,翁
ang1,骯
ang1,鵪
ang3,甕
ang3,盎
ang5,洪
ang5,紅
ann1,掩
ann7,餡
ap4,呷
ap4,押
ap8,匣
ap8,盒
au1,凹
au1,區
au1,坳
au1,歐
au1,毆
au1,漚
au1,甌
au1,鏖
au1,鷗
au2,嘔
au2,拗
au2,毆
au3,懊
au3,漚
au5,喉
au6,後
ba1,貓
ba3,䶕
ba3,齙
ba7,峇
bah4,肉
bai5,嵋
bai5,眉
bak8,墨
bak8,木
bak8,茉
bat8,密
bau2,卯
bau2,鉚
be2,碼
be2,馬
beh8,麥
bi2,米
bi3,氼
bi7,味
bi7,未
bie5,描
bie5,瞄
bie7,廟
bih4,癟
bih4,覕
bit8,蜜
bo2,拇
bo2,母
bo2,𡚸
bo5,亡
bo5,唔
bo5,毋
bo5,無
bo7,帽
bo7,磨
boi2,買
boi6,袂
boi6,𠀾
boi6,𠁞
boi6,𣍐
boi7,賣
bou2,母
bou2,牡
bou2,畝
bou2,𡚸
bou5,模
bou7,戊
bu2,侮
bu2,撫
bu2,武
bu2,舞
bu2,鵡
bu5,巫
bu5,無
bu5,蕪
bu5,誣
bu6,務
bu7,霧
bua5,磨
buah4,抹
buah4,撥
buah8,末
buah8,沫
buan6,慢
buan6,曼
buan6,漫
buan6,蔓
buan6,謾
buan6,饅
buan7,萬
buang2,妄
buang2,罔
buang2,魍
buang5,亡
buang5,忘
buang6,望
bue2,尾
bue2,美
bue5,媒
bue5,枚
bue5,梅
bue5,煤
bue5,脢
bue5,酶
bue5,黴
bue7,未
bueh8,襪
bui3,痱
bun1,呅
bun1,燜
bun1,蚊
bun5,文
bun5,玫
bun5,紊
bun5,紋
bun6,聞
bun7,悶
but4,勿
but4,吻
cha1,咱
cha1,喳
cha1,扎
cha1,昨
cha1,查
cha1,渣
cha1,猹
cha1,碴
cha1,諸
cha2,怎
cha2,早
cha2,昔
cha2,昨
cha3,乍
cha3,作
cha3,咋
cha3,柞
cha3,榨
cha3,炸
cha3,窄
cha3,詐
chah8,柵
chah8,炸
chah8,閘
chai1,栽
chai1,災
chai1,知
chai2,仔
chai2,宰
chai2,滓
chai2,載
chai3,再
chai3,載
chai5,才
chai5,臍
chai6,在
chai7,儎
chai7,哉
chak4,作
chak4,扎
chak4,紮
chak4,軋
chak4,鍘
cham1,針
cham2,嶄
cham2,斬
cham3,湛
cham3,蘸
cham6,站
cham6,鏨
chan3,攢
chan3,棧
chan3,讚
chan3,贊
chan3,鑽
chan5,層
chang1,曾
chang1,棕
chang1,臧
chang1,莊
chang1,贓
chang1,髒
chang1,鬃
chang2,總
chang3,壯
chang3,糉
chang5,叢
chang5,欉
chang6,臟
chang6,藏
chang7,贈
chap4,匝
chap4,札
chap4,汁
chap4,眨
chap4,砸
chap8,什
chap8,十
chap8,拾
chap8,集
chap8,雜
chat4,節
chat8,實
chau1,糟
chau1,遭
chau2,蚤
chau2,走
chau3,奏
chau3,灶
chau3,竈
chau6,悼
chau6,淖
chau6,皁
chau6,皂
chau6,罩
chau6,造
che2,姐
che2,這
che3,債
che7,寨
cheh4,仄
cheh4,績
cheh4,職
cheh4,責
chek4,則
chek4,叔
chek4,燭
chek4,癪
chek4,稷
chek4,積
chek8,一
chek8,壹
chek8,澤
chek8,蜀
cheng1,丁
cheng1,偵
cheng1,僧
cheng1,增
cheng1,幀
cheng1,征
cheng1,怔
cheng1,憎
cheng1,掙
cheng1,曾
cheng1,猙
cheng1,甑
cheng1,盅
cheng1,眾
cheng1,睛
cheng1,睜
cheng1,箏
cheng1,精
cheng1,舂
cheng1,蒸
cheng1,衆
cheng1,貞
cheng1,鍾
cheng1,鐘
cheng2,種
cheng2,腫
cheng3,政
cheng3,症
cheng3,眾
cheng3,種
cheng3,衆
cheng3,証
cheng3,證
cheng3,蹭
cheng5,曾
cheng6,淨
cheng6,靖
cheng6,靚
chenn1,争
chenn1,爭
chenn2,井
chenn2,阱
chenn5,晴
chenn6,靜
chha1,叉
chha1,喳
chha1,岔
chha1,差
chha1,搓
chha2,炒
chha3,詫
chha5,搽
chha5,柴
chhah4,挿
chhah4,插
chhah4,歃
chhai1,猜
chhai2,彩
chhai2,採
chhai2,睬
chhai2,綵
chhai2,踩
chhai2,采
chhai3,菜
chhai5,才
chhai5,材
chhai5,裁
chhai5,豺
chhai5,財
chhak4,擦
chhak4,膝
chhak4,錯
chhak8,鑿
chham1,參
chham1,摻
chham2,慘
chham3,滲
chham5,慚
chham5,攙
chham5,讒
chham5,饞
chhan1,孱
chhan1,謒
chhan1,餐
chhan2,鏟
chhan3,燦
chhan5,殘
chhan5,田
chhan6,羼
chhang1,倉
chhang1,滄
chhang1,蒼
chhang1,蔥
chhang1,蹌
chhang3,創
chhang5,藏
chhap4,挿
chhap4,插
chhat4,察
chhat4,漆
chhat8,賊
chhau1,剿
chhau1,吵
chhau1,抄
chhau1,操
chhau1,鈔
chhau2,草
chhau3,噪
chhau3,操
chhau3,澡
chhau3,燥
chhau3,臊
chhau3,臭
chhau3,藻
chhau3,躁
chhau5,巢
chhau5,曹
chhe1,叉
chhe1,尺
chhe1,岔
chhe1,差
chhe2,扯
chhe3,廁
chhe5,查
chheh4,冊
chheh4,策
chhek4,側
chhek4,僳
chhek4,彳
chhek4,戚
chhek4,斥
chhek4,測
chhek4,粟
chhek4,觸
chheng1,淸
chheng1,清
chheng1,稱
chheng3,稱
chheng3,衝
chheng3,襯
chheng3,銃
chheng5,情
chheng5,橙
chheng7,拴
chheng7,穿
chhenn1,星
chhenn1,氰
chhenn1,生
chhenn1,腥
chhenn1,蜻
chhenn1,親
chhenn1,靑
chhenn1,青
chhenn2,醒
chhi1,凄
chhi1,妻
chhi1,差
chhi1,悽
chhi1,棲
chhi1,淒
chhi1,癡
chhi1,腮
chhi1,鰓
chhi2,侈
chhi2,恥
chhi2,齒
chhi3,刺
chhi3,弒
chhi3,眥
chhi3,莿
chhi3,試
chhi5,薺
chhi5,遲
chhi5,馳
chhi5,齊
chhi6,市
chhi7,飼
chhia1,奢
chhia1,賒
chhia1,車
chhiah4,刺
chhiah4,莿
chhiah4,赤
chhiak4,戳
chhiak4,綽
chhiak4,芍
chhiak4,雀
chhiak4,鵲
chhiam1,懺
chhiam1,殲
chhiam1,簽
chhiam1,籤
chhiam1,讖
chhiam5,潛
chhiam5,鑱
chhiang1,嗆
chhiang1,戕
chhiang1,昌
chhiang1,猖
chhiang2,嗆
chhiang2,廠
chhiang2,敞
chhiang3,倡
chhiang3,唱
chhiang5,場
chhiang5,塲
chhiang5,常
chhiang5,爿
chhiang5,畔
chhiang5,腸
chhiang5,薔
chhiang5,長
chhiann2,且
chhiann2,請
chhiann5,成
chhiau1,悄
chhiau1,鍬
chhiau1,𢲵
chhiau2,俏
chhiau2,嘲
chhiau2,峭
chhiau2,悄
chhiau2,稍
chhiau5,晁
chhiau5,朝
chhiau5,瞧
chhie3,唱
chhie3,笑
chhie3,詔
chhieh4,尺
chhieh4,淖
chhieh4,雀
chhieh8,席
chhieh8,蓆
chhien1,扦
chhien1,纖
chhien1,遷
chhien1,釺
chhien1,阡
chhien1,韆
chhien2,淺
chhienn1,槍
chhienn1,鯧
chhienn2,搶
chhienn5,墻
chhienn5,牆
chhienn6,上
chhienn6,像
chhienn6,橡
chhienn6,象
chhienn7,匠
chhiet4,切
chhiet4,沏
chhiet4,竊
chhih8,彳
chhim1,深
chhim2,寢
chhim3,沁
chhim5,侵
chhim5,尋
chhin1,親
chhin3,凊
chhin3,秤
chhin5,秦
chhin5,臣
chhin5,陳
chhinn1,鮮
chhinn5,尋
chhip4,緝
chhip4,輯
chhit4,七
chhit4,拭
chhit4,柒
chhiu1,初
chhiu1,揪
chhiu1,瞅
chhiu1,秋
chhiu1,鍬
chhiu1,鞦
chhiu1,鬚
chhiu2,手
chhiu2,醜
chhiu3,刷
chhiu3,漱
chhiu5,仇
chhiu5,售
chhiu5,囚
chhiu5,酬
chhiu7,樹
chhng1,倉
chhng1,川
chhng1,村
chhng1,瘡
chhng1,穿
chhng1,艙
chhng3,刺
chhng3,剌
chhng3,莿
chhng5,床
chhng5,牀
chho1,初
chho1,搓
chho1,臊
chho2,楚
chho2,礎
chho2,草
chho3,糙
chho3,銼
chho3,錯
chho5,挫
chho5,磋
chho5,鋤
chho7,脞
chho7,莝
chho7,貯
chhoh4,撮
chhoh4,錯
chhoh8,亍
chhoinn1,仟
chhoinn1,千
chhoinn2,筅
chhoinn5,蠶
chhok4,亍
chhok4,促
chhok4,戳
chhok4,捉
chhok4,矗
chhok4,簇
chhok4,觸
chhok4,蹴
chhok4,齬
chhong1,充
chhong1,冲
chhong1,匆
chhong1,囪
chhong1,忡
chhong1,沖
chhong1,種
chhong1,聰
chhong1,蔥
chhong1,衝
chhong1,衷
chhong1,𭀚
chhong3,衝
chhong5,崇
chhong5,從
chhou1,粗
chhou3,揍
chhou3,湊
chhou3,醋
chhou5,愁
chhu1,趨
chhu1,雛
chhu2,取
chhu2,娶
chhu2,處
chhu3,厝
chhu3,措
chhu3,疵
chhu3,處
chhu3,趣
chhu5,滁
chhua2,歪
chhua3,蔡
chhua7,娶
chhua7,𤆬
chhuah4,掇
chhuan1,川
chhuan1,皴
chhuan1,穿
chhuan2,喘
chhuan3,串
chhuan3,竄
chhuan3,篡
chhuan3,纂
chhuan3,躥
chhuan3,釧
chhuan3,闖
chhuan5,全
chhuan5,拴
chhuan5,栓
chhuan5,痊
chhuan5,醛
chhuang2,舛
chhuann3,閂
chhuat4,掇
chhuat4,撮
chhuat4,綴
chhuat4,茁
chhue1,吹
chhue1,炊
chhue2,髓
chhue5,箠
chhue7,覓
chhue7,覔
chhueh4,啜
chhui1,催
chhui1,崔
chhui1,推
chhui1,摧
chhui2,揣
chhui3,喙
chhui3,嘴
chhui3,碎
chhui3,粹
chhui3,翠
chhui3,脆
chhun1,伸
chhun1,春
chhun1,椿
chhun1,鶉
chhun2,忖
chhun2,舛
chhun2,蠢
chhun3,寸
chhun5,存
chhun5,淳
chhun5,賰
chhur1,舒
chhur1,蛆
chhur2,此
chhur2,鼠
chhur3,次
chhur3,覷
chhur5,徐
chhur5,慈
chhur5,瓷
chhur5,疵
chhur5,磁
chhur5,茨
chhur5,雌
chhur5,鷀
chhut4,出
chhut4,齣
chi1,脂
chi1,膣
chi2,只
chi2,址
chi2,姊
chi2,子
chi2,指
chi2,旨
chi2,枳
chi2,止
chi2,此
chi2,祇
chi2,祉
chi2,稚
chi2,籽
chi2,紫
chi2,脂
chi2,芷
chi2,詣
chi2,趾
chi2,霽
chi3,制
chi3,劑
chi3,幟
chi3,志
chi3,掣
chi3,摯
chi3,擠
chi3,濟
chi3,熾
chi3,痣
chi3,祭
chi3,至
chi3,製
chi3,誌
chi3,識
chi3,際
chi3,齏
chi3,𩛌
chi6,巳
chi6,舐
chia1,遮
chia2,姐
chia2,者
chia2,鍺
chia3,炙
chia3,蔗
chia6,籍
chia6,藉
chia7,謝
chiah4,脊
chiah4,跡
chiah4,隻
chiah4,雀
chiah8,食
chiak4,勺
chiak4,嚼
chiak4,灼
chiak4,爵
chiak4,芍
chiak4,酌
chiam1,占
chiam1,尖
chiam1,漸
chiam1,瞻
chiam1,詹
chiam1,贍
chiam3,佔
chiam6,塹
chiam6,暫
chiam6,漸
chiang1,將
chiang1,張
chiang1,彰
chiang1,樟
chiang1,漳
chiang1,章
chiang2,掌
chiang2,長
chiang3,將
chiang3,嶂
chiang3,漲
chiang3,獎
chiang3,瘴
chiang3,脹
chiang3,障
chiang6,丈
chiang6,仗
chiang6,匠
chiang6,杖
chiann1,晶
chiann1,正
chiann1,精
chiann1,腈
chiann2,䭕
chiann2,整
chiann3,正
chiann5,情
chiann5,成
chiap4,接
chiap8,捷
chiap8,洽
chiap8,睫
chiau1,招
chiau1,昭
chiau1,朝
chiau1,焦
chiau1,礁
chiau2,鳥
chiau3,照
chiauh4,雀
chie1,招
chie1,椒
chie1,蕉
chie2,少
chie3,照
chieh4,借
chieh4,質
chieh8,石
chien1,濺
chien1,煎
chien1,箋
chien1,羶
chien2,殄
chien2,濺
chien2,燼
chien2,畛
chien2,疹
chien2,翦
chien2,診
chien2,賺
chien2,贃
chien2,趁
chien2,踐
chien2,餞
chien3,剪
chien3,戰
chien3,顫
chienn1,樟
chienn1,漿
chienn1,章
chienn2,掌
chienn2,槳
chienn2,蔣
chienn3,醬
chienn6,上
chienn6,癢
chiet4,即
chiet4,卽
chiet4,浙
chiet4,節
chih4,折
chih4,接
chih4,摺
chih8,折
chih8,舌
chim1,唚
chim1,斟
chim2,枕
chim3,浸
chin1,津
chin1,甄
chin1,眞
chin1,真
chin1,瞋
chin1,臻
chin1,薪
chin2,拯
chin2,振
chin2,賑
chin2,震
chin3,晉
chin3,荐
chin3,薦
chin3,進
chin6,儘
chin6,盡
chinn1,吱
chinn1,支
chinn1,歧
chinn1,氈
chinn1,氏
chinn1,肢
chinn1,薦
chinn2,稚
chinn3,擠
chinn3,煎
chinn3,箭
chinn5,薺
chinn5,蠐
chinn5,錢
chip4,執
chip8,嫉
chip8,集
chit4,浙
chit4,熾
chit4,織
chit4,脊
chit4,鯽
chit8,疾
chiu1,周
chiu1,州
chiu1,洲
chiu1,睭
chiu1,稠
chiu1,舟
chiu1,週
chiu2,酒
chiu3,咒
chiu3,皺
chiu6,就
chng1,桩
chng1,磚
chng1,莊
chng1,裝
chng1,贓
chng2,指
chng3,圳
chng3,葬
chng3,鑽
chng7,旋
chng7,狀
cho1,災
cho1,糟
cho2,佐
cho2,俎
cho2,左
cho2,棗
cho2,阻
cho3,做
cho3,怎
cho5,槽
cho5,鰽
cho6,助
cho6,坐
cho6,狀
cho6,造
cho7,座
choh4,作
choh8,絕
choi5,齊
choi7,㩼
choih4,節
choih8,截
choinn2,指
choinn5,前
chok4,囑
chok4,屬
chok4,矚
chok4,祝
chok4,足
chok8,族
chok8,簇
chok8,粥
chong1,宗
chong1,終
chong1,綜
chong1,蹤
chong2,種
chong2,總
chong3,眾
chong3,縱
chong3,衆
chong7,狀
chou1,租
chou1,謅
chou1,鄒
chou2,祖
chou6,驟
chu1,咀
chu1,朱
chu1,株
chu1,殂
chu1,狙
chu1,珠
chu1,疽
chu1,硃
chu1,組
chu1,蛆
chu1,詛
chu1,誅
chu1,諸
chu1,齟
chu2,主
chu2,俎
chu2,拄
chu2,沮
chu3,注
chu3,蛀
chu3,註
chu3,鑄
chu6,住
chu6,聚
chu6,駐
chua1,抓
chua1,撾
chua2,紙
chua5,蛇
chua7,誓
chua7,逝
chuah8,絀
chuah8,蚻
chuak8,濁
chuak8,蜀
chuak8,鐲
chuan1,專
chuan1,湍
chuan2,轉
chuan3,攢
chuan3,賺
chuan6,撰
chuang1,妝
chuang1,樁
chuang1,莊
chuang1,裝
chuang6,撞
chuang6,狀
chuann1,煎
chuann2,盞
chuann5,泉
chuann7,賤
chuat4,拙
chue3,最
chue6,罪
chue7,襊
chui1,椎
chui1,錐
chui2,水
chui3,粹
chui3,醉
chui6,淬
chui6,瘁
chui6,祟
chui6,脧
chui6,贅
chun1,尊
chun1,樽
chun1,遵
chun2,准
chun2,準
chun3,俊
chun3,峻
chun3,浚
chun3,竣
chun3,駿
chun5,船
chun5,陣
chun6,捘
chun6,賺
chun7,陣
chur1,之
chur1,姿
chur1,孜
chur1,孳
chur1,書
chur1,淄
chur1,滋
chur1,芝
chur1,茲
chur1,諮
chur1,諸
chur1,資
chur1,輜
chur1,鷀
chur1,齎
chur2,仔
chur2,子
chur2,煮
chur2,籽
chur3,恣
chur3,漬
chur5,薯
chur6,自
chut4,卒
chut4,帥
chut4,摔
chut4,率
chut8,糯
e2,啞
e6,下
e6,廈
e7,下
e7,耶
eh4,厄
eh4,扼
eh4,軛
ek4,溢
ek4,臆
ek8,亦
ek8,億
ek8,奕
ek8,弈
ek8,憶
ek8,掖
ek8,易
ek8,浴
ek8,液
ek8,溢
ek8,疫
ek8,繹
ek8,翌
ek8,翼
ek8,腋
ek8,譯
ek8,隘
eng1,嬰
eng1,櫻
eng1,烟
eng1,煙
eng1,纓
eng1,罌
eng1,翁
eng1,膺
eng1,英
eng1,鶯
eng1,鷹
eng1,鸚
eng2,涌
eng2,湧
eng3,壅
eng3,應
eng5,延
eng7,用
enn5,楹
enn5,樑
gai7,礙
gau5,𠢕
gauh8,樂
ge5,牙
ge5,芽
ge5,蚜
ge5,蜈
ge5,衙
gek8,獄
gek8,玉
gi5,宜
gi5,疑
gia3,訝
gia3,迓
go5,鵝
go7,莪
go7,餓
goi5,倪
goi7,藝
gou5,吳
gou7,誤
gu5,牛
gua7,外
gueh8,月
gueh8,鑰
gui7,魏
gur2,語
gur6,禦
gur6,馭
gur7,御
ha1,哈
ha3,孝
ha5,縖
hah4,哈
hah4,瓣
hah8,合
hai2,海
hai5,孩
hai5,諧
hai5,頦
hai5,骸
hai6,亥
hai6,咳
hai6,孩
hai6,懈
hai6,械
hai6,氦
hai6,薤
hai6,解
hai6,駭
hai7,害
hak4,喝
hak4,壑
hak4,涸
hak4,瞎
hak4,蓄
hak4,蠍
hak4,褐
hak4,豁
hak4,轄
hak4,遏
hak4,郝
hak8,乏
hak8,學
ham1,憨
ham1,邯
ham1,酣
ham2,撼
ham3,喊
ham5,函
ham5,含
ham5,咸
ham5,涵
ham5,銜
ham6,憾
ham7,陷
han1,鼾
han2,悍
han2,捍
han2,汗
han2,焊
han2,罕
han3,漢
han5,寒
han5,汗
han5,翰
han5,韓
han6,限
hang1,烘
hang1,魴
hang2,夯
hang5,杭
hang5,絎
hang5,航
hang5,行
hang5,降
hang6,項
hang7,巷
hap8,合
hap8,峽
hau1,哮
hau1,浩
hau1,號
hau1,酵
hau1,齁
hau2,吼
hau2,好
hau2,昊
hau2,皓
hau2,鎬
hau3,㭳
hau3,孝
hau5,嚎
hau5,壕
hau5,毫
hau5,豪
hau6,後
hau6,校
hau7,候
hau7,效
hau7,鱟
haunn3,好
he1,嘿
he5,蝦
he6,下
he6,吓
he6,暇
he6,許
he7,夏
he7,廈
heh4,嚇
hehnn8,赫
hek4,核
hek4,赫
hek4,閡
hek4,黑
hek8,乏
heng1,亨
heng1,匈
heng1,哼
heng1,胸
heng1,興
heng1,馨
heng3,興
heng5,刑
heng5,型
heng5,形
heng5,恆
heng5,王
heng5,行
heng5,雄
heng6,倖
heng6,孕
heng6,幸
heng6,杏
heng6,行
hi1,兮
hi1,唏
hi1,嘻
hi1,希
hi1,烯
hi1,熙
hi1,熹
hi1,犧
hi1,禧
hi1,稀
hi1,羲
hi1,頤
hi2,喜
hi3,呬
hi3,戲
hi5,畦
hi6,係
hi6,拽
hi6,攜
hi6,曳
hi6,系
hi6,繫
hia1,桸
hia1,靴
hia5,暇
hia5,瑕
hia5,遐
hia5,霞
hia6,下
hia6,瓦
hia6,蟻
hiah4,歇
hiah8,役
hiah8,額
hiak4,暍
hiak4,蠍
hiam1,薟
hiam2,險
hiam5,嫌
hiam5,𭒡
hiang1,鄉
hiang1,鄕
hiang1,香
hiang2,享
hiang2,晌
hiang2,響
hiang2,饗
hiang3,向
hiang3,嚮
hiang3,餉
hiann1,兄
hiann5,煆
hiann5,燃
hiann5,邢
hiann5,顏
hiann7,艾
hiap8,俠
hiap8,協
hiap8,挾
hiap8,狹
hiap8,脅
hiap8,葉
hiau1,僥
hiau1,梟
hiau1,邀
hiau1,驍
hiau2,曉
hiaunn1,掀
hieh8,葉
hieh8,頁
hien2,顯
hien3,憲
hien3,獻
hien3,絢
hien3,釁
hien5,懸
hien5,玄
hien5,眩
hien5,舷
hien5,賢
hien7,現
hienn1,鄉
hienn1,鄕
hienn1,香
hiet4,蝎
him1,鑫
him5,熊
hin5,眩
hin7,現
hin7,見
hinn5,弦
hinn5,舷
hinn6,耳
hiok4,旭
hiok4,毓
hiok4,郁
hiok4,馥
hiong1,兇
hiong1,凶
hiong1,匈
hiong1,洶
hiong5,雄
hip4,熻
hip4,翕
hiunn1,休
hiunn1,幽
hiunn1,悠
hiunn1,攸
hiunn1,貅
hiunn2,朽
hiunn3,嗅
hiunn3,臭
hiunn5,裘
hng1,哼
hng1,方
hng1,昏
hng1,祅
hng1,荒
hng1,醺
hng2,哼
hng5,園
hng6,遠
ho1,呵
ho1,犺
ho2,好
ho3,耗
ho3,荷
ho3,訛
ho5,何
ho5,合
ho5,河
ho5,荷
ho6,和
ho7,好
ho7,號
ho7,護
ho7,賀
hoh4,熇
hoh4,翕
hoh4,酷
hoh8,鶴
hoi6,蟹
hoinn5,還
hoinn6,閡
hok4,福
hok4,複
hok4,輻
hok8,伏
hok8,域
hok8,復
hok8,惑
hok8,或
hok8,服
hok8,袱
hok8,覆
hong1,丰
hong1,哄
hong1,封
hong1,峯
hong1,烘
hong1,烽
hong1,豐
hong1,轟
hong1,鋒
hong1,風
hong2,俸
hong2,哄
hong2,蚌
hong3,哄
hong3,訌
hong3,諷
hong3,鬨
hong5,宏
hong5,弘
hong5,洪
hong5,烘
hong5,紅
hong5,縫
hong5,肱
hong5,虹
hong5,逢
hong5,鴻
hong6,奉
hong6,鳳
hou1,呼
hou2,否
hou3,戽
hou5,侯
hou5,狐
hou5,胡
hou5,葫
hou5,蜈
hou5,蝴
hou5,鬍
hou6,后
hou6,戶
hou6,雨
hou7,互
hounn2,琥
hounn2,虎
hounn5,唬
hu1,乎
hu1,俘
hu1,呼
hu1,夫
hu1,孚
hu1,孵
hu1,敷
hu1,烌
hu1,腐
hu1,膚
hu2,俯
hu2,府
hu2,拊
hu2,捬
hu2,栩
hu2,父
hu2,缶
hu2,腑
hu2,許
hu2,釜
hu3,付
hu3,傅
hu3,副
hu3,咐
hu3,訃
hu3,賦
hu3,赴
hu5,和
hu5,噓
hu5,壺
hu5,弧
hu5,扶
hu5,狐
hu5,瑚
hu5,符
hu5,糊
hu5,胡
hu5,芙
hu5,葫
hu5,蝴
hu5,衚
hu6,互
hu6,婦
hu6,滬
hu6,煦
hu6,父
hu6,瓠
hu6,護
hu6,負
hu6,輔
hu6,酗
hu6,阜
hu6,附
hu6,駙
hu7,夫
hu7,腐
hua1,嘩
hua1,花
hua1,華
hua1,譁
hua5,划
hua5,和
hua5,禾
hua5,華
hua6,禍
huah4,呵
huah4,喝
huah8,伐
huai5,徊
huai5,懷
huai5,槐
huai5,淮
huai6,壞
huam3,泛
huam5,凡
huam6,凡
huam6,患
huam6,梵
huam6,犯
huam6,範
huam6,范
huam6,釩
huan1,幡
huan1,歡
huan1,獾
huan1,畨
huan1,番
huan1,翻
huan2,反
huan2,緩
huan2,返
huan3,喚
huan3,幻
huan3,換
huan3,渙
huan3,煥
huan3,瘓
huan3,販
huan5,垣
huan5,桓
huan5,樊
huan5,煩
huan5,環
huan5,礬
huan5,繁
huan5,還
huan5,𥐥
huan6,宦
huan6,豢
huan6,飯
huang1,坊
huang1,封
huang1,慌
huang1,方
huang1,瘋
huang1,肪
huang1,芳
huang1,荒
huang1,謊
huang1,風
huang2,仿
huang2,坊
huang2,幌
huang2,彷
huang2,恍
huang2,晃
huang2,紡
huang2,訪
huang3,放
huang5,凰
huang5,妨
huang5,徨
huang5,惶
huang5,煌
huang5,皇
huang5,磺
huang5,簧
huang5,蝗
huang5,衡
huang5,防
huann1,歡
huann1,還
huann5,鼾
huap4,法
huap4,琺
huap4,砝
huat4,發
huat4,髮
huat8,乏
huat8,伐
huat8,穴
huat8,筏
huat8,罰
huat8,閥
hue1,化
hue1,灰
hue1,花
hue1,華
hue2,伙
hue2,夥
hue2,火
hue3,化
hue3,悔
hue3,晦
hue3,歲
hue3,誨
hue3,貨
hue5,和
hue5,囘
hue5,回
hue5,茴
hue5,蛔
hue5,迴
hue6,匯
hue6,彙
hue6,會
hue6,燴
hueh4,血
huenn5,橫
hui1,啡
hui1,囘
hui1,回
hui1,妃
hui1,徽
hui1,扉
hui1,揮
hui1,灰
hui1,翡
hui1,菲
hui1,輝
hui1,霏
hui1,非
hui1,飛
hui1,麾
hui2,卉
hui2,毀
hui2,菲
hui2,誹
hui2,諱
hui3,廢
hui3,肺
hui3,諱
hui3,費
hui5,缶
hui5,𦈢
hui6,彗
hui6,惠
hui6,慧
huinn2,匪
huinn2,毀
huinn5,懸
hun1,分
hun1,吩
hun1,婚
hun1,昏
hun1,暈
hun1,氛
hun1,汾
hun1,渾
hun1,燻
hun1,紛
hun1,芬
hun1,葷
hun1,薰
hun1,酚
hun2,忿
hun2,粉
hun3,奮
hun3,憤
hun3,楦
hun3,訓
hun5,痕
hun5,雲
hun5,魂
hun6,混
hun6,渾
hun7,份
hun7,分
hur1,噓
hur1,圩
hur1,墟
hur1,虛
hur2,彼
hur2,許
hur5,漁
hur5,魚
hurn1,勳
hurn1,忻
hurn1,掀
hurn1,欣
hurn1,殷
hurn1,軒
hurn1,鍁
hurn2,很
hurn2,狠
hurn6,恨
hut4,弗
hut4,彿
hut4,忽
hut4,拂
hut4,歘
hut4,氟
hut4,沸
hut8,佛
hut8,核
i1,伊
i1,依
i1,衣
i1,迂
i1,銥
i2,倚
i3,意
i3,憶
i3,肄
i3,衣
i5,夷
i5,姨
i5,彝
i5,怡
i5,移
i5,胰
i5,蛇
i5,貽
i6,易
i6,異
i6,裔
i7,矣
ia1,呀
ia2,冶
ia2,野
ia5,椰
ia5,爺
ia5,耶
ia7,也
ia7,亦
ia7,呀
ia7,夜
ia7,耶
iah4,溢
iah4,益
iah8,易
iah8,曳
iah8,蝶
iah8,驛
iak4,爍
iak4,約
iak4,躍
iak4,鑰
iak8,藥
iam1,奄
iam1,淹
iam1,醃
iam1,閹
iam2,堰
iam2,掩
iam2,睒
iam3,厭
iam5,鹽
iam7,炎
iam7,焰
iam7,豔
iang1,央
iang1,殃
iang1,泱
iang1,秧
iang2,氧
iang2,養
iang3,映
iang5,佯
iang5,揚
iang5,楊
iang5,洋
iang5,烊
iang5,瘍
iang5,羊
iang5,陽
iang6,恙
iang6,漾
iang6,癢
iann2,影
iann5,營
iann5,贏
iann5,迎
iap4,壓
iap8,葉
iau1,一
iau1,喲
iau1,夭
iau1,妖
iau1,幺
iau1,枵
iau1,要
iau1,邀
iau1,陶
iau2,畧
iau2,窈
iau3,要
iau5,搖
iau5,瑤
iau5,謠
iau5,遙
iau6,耀
ie1,喲
ie1,腰
ie1,鴦
ie2,舀
ie5,姚
ie5,搖
ie5,窯
ie5,窰
ieh4,約
ieh8,藥
ien1,嫣
ien1,淵
ien1,焉
ien1,蔫
ien1,鳶
ien2,遠
ien3,嚥
ien3,燕
ien5,紈
ien6,延
ien6,援
ien6,涎
ien6,筵
ien6,羨
ien6,胤
ien6,蜒
ien6,衍
ien7,焉
ienn2,養
ienn5,揚
ienn5,楊
ienn5,洋
ienn5,溶
ienn5,烊
ienn5,熔
ienn5,羊
ienn5,贏
ienn5,陽
ienn7,樣
im1,淹
im1,蔭
im1,陰
im1,音
im2,飲
im5,淫
in1,咽
in1,因
in1,姻
in1,烟
in1,煙
in1,甄
in1,胭
in1,茵
in1,鷹
in2,引
in2,蚓
in2,隱
in3,印
in3,應
in5,寅
in5,沿
in5,演
in5,縈
in5,鉛
in7,暈
inn2,以
inn2,已
inn2,椅
inn3,燕
inn5,丸
inn5,圓
inn6,夗
inn7,硯
inn7,院
iok8,峪
iok8,慾
iok8,欲
iok8,浴
iok8,育
iong1,癰
iong1,臃
iong1,雍
iong2,勇
iong2,永
iong2,蛹
iong2,踴
iong3,恿
iong3,擁
iong3,泳
iong3,涌
iong3,湧
iong3,詠
iong5,佣
iong5,傭
iong5,容
iong5,庸
iong5,榕
iong5,榮
iong5,溶
iong5,熒
iong5,熔
iong5,瑩
iong5,盈
iong5,縈
iong5,蓉
iong5,融
iong5,螢
ip4,揖
ip4,邑
it4,一
it4,乙
it4,咽
it4,噎
it4,憶
it8,佚
it8,軼
it8,逸
iu1,優
iu1,憂
iu2,友
iu2,有
iu2,牖
iu2,肘
iu2,誘
iu2,酉
iu2,鮪
iu2,黝
iu5,尤
iu5,柚
iu5,油
iu5,游
iu5,猶
iu5,猷
iu5,由
iu5,遊
iu5,郵
iu5,酋
iu5,釉
iu5,鈾
iu5,魷
iu6,佑
iu6,又
iu6,右
iu6,祐
iu6,賄
iu7,又
iu7,有
iu7,柚
iunn3,幼
iunn3,苡
je2,若
jeng5,扔
ji5,兒
ji6,二
ji7,字
ji7,寺
ji7,餌
jia2,惹
jiak8,弱
jiak8,若
jiam2,冉
jiam2,染
jiam2,髯
jiang2,嚷
jiang2,壤
jiang2,攘
jiang2,讓
jiang2,釀
jiang5,瓤
jiang6,讓
jiap8,廿
jiau2,擾
jiau2,爪
jiau3,沼
jiau3,皺
jiau3,繞
jiau5,饒
jie7,尿
jieh8,若
jien5,然
jien5,燃
jiet8,熱
jiet8,爇
jih8,廿
jih8,揤
jim2,刃
jim2,忍
jim2,恁
jim2,紉
jim2,荏
jim2,賃
jim2,韌
jim6,任
jim6,壬
jim6,妊
jim6,賃
jim7,任
jin5,人
jin5,仁
jin7,認
jiong5,仍
jip8,入
jit8,日
jiu5,揉
jiu5,柔
jiu5,魷
jiu5,鰇
ka1,交
ka1,咖
ka1,咳
ka1,家
ka1,尻
ka1,膠
ka1,虼
ka1,鉸
ka1,鮫
ka2,㽱
ka2,絞
ka3,教
ka3,校
ka3,窖
ka3,較
ka6,咬
ka6,鉸
ka7,咳
kah4,佮
kah4,合
kah4,甲
kah4,蓋
kah4,袷
kah4,鉀
kah8,合
kai1,揩
kai1,楷
kai1,皆
kai1,秸
kai1,該
kai1,階
kai3,丐
kai3,介
kai3,價
kai3,尬
kai3,屆
kai3,戒
kai3,界
kai3,芥
kai3,蓋
kai3,蚧
kai3,誡
kai3,鈣
kai5,个
kak4,各
kak4,穀
kak4,覺
kak4,角
kak4,軋
kak4,鉻
kak8,捔
kam1,泔
kam1,甘
kam1,監
kam2,感
kam3,尷
kam3,檻
kam3,監
kam3,鑑
kam5,含
kan1,乾
kan1,奸
kan1,姦
kan1,干
kan1,杆
kan1,竿
kan1,艱
kan1,間
kan2,揀
kan2,柬
kan2,澗
kan2,稈
kan2,簡
kan2,鐧
kan3,幹
kan3,旰
kang1,公
kang1,剛
kang1,功
kang1,岡
kang1,崗
kang1,工
kang1,扛
kang1,江
kang1,綱
kang1,缸
kang1,肛
kang1,蚣
kang2,梘
kang2,港
kang2,講
kang3,槓
kang3,贛
kang3,降
kang7,共
kann1,柑
kann1,橄
kann2,敢
kann3,酵
kann5,銜
kao1,跤
kap4,合
kap4,哈
kap4,夾
kap4,甲
kap4,蛤
kap4,鴿
kat4,結
kau1,交
kau1,勾
kau1,枸
kau1,溝
kau1,皋
kau1,睾
kau1,郊
kau1,鈎
kau1,鉤
kau1,高
kau1,鮫
kau2,九
kau2,垢
kau2,搞
kau2,枸
kau2,犒
kau2,狗
kau2,狡
kau2,玖
kau2,鎬
kau3,到
kau3,告
kau3,夠
kau5,猴
kau6,侯
kau6,厚
kau6,垢
kau6,茭
ke1,傢
ke1,加
ke1,家
ke1,袈
ke2,假
ke3,價
ke3,嫁
ke3,架
ke3,稼
ke3,駕
ke5,枷
ke6,下
keh4,格
keh4,槅
keh4,胳
keh4,膈
keh4,隔
keh4,骼
keh8,逆
kek4,亟
kek4,棘
kek4,檄
kek4,殛
kek4,激
kek4,菊
kek4,衋
kek4,革
kek8,局
kek8,極
keng1,供
keng1,兢
keng1,宮
keng1,弓
keng1,更
keng1,矜
keng1,經
keng1,芎
keng1,荊
keng1,驚
keng2,境
keng2,景
keng2,竟
keng3,亙
keng3,敬
keng3,更
keng5,瓊
keng6,競
keng6,警
kenn1,庚
kenn1,更
kenn1,經
kenn1,羹
kenn1,耕
kenn1,莖
kenn1,賡
kenn2,哽
kenn2,埂
kenn2,梗
kenn2,骾
kenn2,鯁
kenn3,勁
kenn3,徑
kenn3,粳
kenn3,逕
kenn3,頸
kha1,尻
kha1,脚
kha1,腳
kha1,踋
kha1,骹
kha2,卡
kha2,咔
kha2,巧
kha2,豈
kha3,敲
khah4,籗
khah4,較
khai1,開
khai2,凱
khai2,楷
khai3,㮣
khai3,慨
khai3,暨
khai3,概
khai3,溉
khak4,嘎
khak4,恪
khak4,榷
khak4,殼
khak4,確
khak4,霍
khak4,麴
kham1,勘
kham1,堪
kham1,戡
kham1,湛
kham1,龕
kham2,坎
kham2,嵌
kham2,檻
kham2,砍
kham3,蓋
kham5,嵁
khan1,刊
khan1,牽
khan1,纖
khan3,看
khan5,刊
khang1,匡
khang1,工
khang1,康
khang1,慷
khang1,空
khang1,糠
khang3,亢
khang3,吭
khang3,抗
khang3,炕
khang5,捧
khap4,恰
khap4,掐
khap4,盍
khap4,磕
khap4,蓋
khat4,刻
khau1,摳
khau2,口
khau2,拷
khau2,攷
khau2,槁
khau2,烤
khau2,考
khau3,叩
khau3,哭
khau3,寇
khau3,扣
khau3,釦
khau3,銬
khau3,靠
kheh4,喀
kheh4,客
khek4,刻
khek4,擊
khek4,曲
khek4,蛐
khek4,麴
kheng1,兢
kheng1,卿
kheng1,筐
kheng2,啃
kheng2,肯
kheng3,慶
kheng3,罄
kheng5,扃
kheng5,擎
kheng5,痙
kheng5,莖
kheng5,鯨
kheng6,虹
khenn1,吭
khenn1,坑
khi1,崎
khi1,攲
khi1,欺
khi1,蹊
khi2,啓
khi2,杞
khi2,起
khi2,齒
khi3,亟
khi3,器
khi3,棄
khi3,氣
khi3,汽
khi5,亓
khi5,其
khi5,奇
khi5,期
khi5,歧
khi5,沂
khi5,祁
khi5,祇
khi5,祈
khi5,祺
khi5,耆
khi5,蜞
khi5,鰭
khi5,麒
khi7,忌
khia1,奇
khia1,家
khia5,擎
khia5,騎
khia6,企
khia6,徛
khiah4,隙
khiak4,卻
khiak4,厥
khiak4,怯
khiak4,攫
khiam1,謙
khiam2,歉
khiam3,欠
khiam5,緘
khiam5,鉗
khiam6,儉
khiang3,勥
khiang5,強
khiang5,强
khiang5,襁
khiap4,㾀
khiat8,硈
khiau1,敲
khiau1,橇
khiau1,磽
khiau2,巧
khiau3,竅
khiau3,翹
khiau5,僑
khiau5,喬
khiau5,翹
khiau5,蕎
khieh4,𢭪
khieh8,挈
khien1,虔
khien2,犬
khien2,譴
khien2,遣
khien5,乾
khienn1,腔
khiet4,喫
khiet4,契
khiet4,孑
khiet4,挈
khiet4,据
khiet4,撅
khiet4,黠
khih4,潔
khih4,缺
khim1,欽
khim1,衿
khim1,襟
khim5,擒
khim5,琴
khim5,禽
khim5,黔
khin1,氫
khin1,輕
khinn5,鉗
khiok4,克
khiok4,剋
khiok4,可
khiong2,恐
khiong2,鞏
khiong5,窮
khip4,吸
khip4,圾
khip4,汲
khip4,泣
khip4,級
khiu1,丘
khiu1,蚯
khiu1,邱
khiu1,鳩
khiu5,求
khiu5,裘
khiu7,硬
khng1,糠
khng3,勸
khng3,囥
kho1,坷
kho1,戈
kho1,柯
kho1,苛
kho2,可
kho2,棵
kho2,洘
kho2,涸
kho2,顆
kho3,鋯
kho3,靠
khoh4,咯
khoi1,揩
khoi1,溪
khoi3,喫
khoi3,契
khoih4,乞
khoih4,軋
khoinn3,蓋
khok4,哭
khok4,柝
khok4,梏
khok4,酷
khong1,空
khong2,孔
khong3,控
khou1,呼
khou1,枯
khou1,箍
khou1,篐
khou2,苦
khou2,許
khou3,寇
khou3,庫
khou3,蔻
khou3,褲
khu1,丘
khu1,區
khu1,嶇
khu1,拘
khu1,樞
khu1,軀
khu1,邱
khu1,驅
khu1,𨄅
khu6,臼
khua1,垮
khua1,夸
khua1,挎
khua1,誇
khua1,跨
khua2,可
khua3,掛
khua3,胯
khuah4,渴
khuah4,濶
khuah4,闊
khuai3,快
khuai3,筷
khuak4,擴
khuan1,傾
khuan1,圈
khuan1,寬
khuan1,頃
khuan1,髖
khuan2,傾
khuan2,款
khuan2,頃
khuan5,權
khuan5,顴
khuang1,匡
khuang1,框
khuang1,眶
khuang1,逛
khuang3,擴
khuang3,曠
khuang3,況
khuang3,礦
khuang5,煢
khuang5,狂
khuang5,瓊
khuang5,誑
khuann1,款
khuann3,寬
khuann3,快
khuann3,看
khue1,恢
khue1,盔
khue1,科
khue1,魁
khue3,卦
khue3,快
khue3,課
khue5,瘸
khueh4,缺
khuh4,窟
khui1,巋
khui1,虧
khui1,開
khui2,軌
khui3,器
khui3,季
khui3,氣
khui5,葵
khui5,馗
khui6,愧
khui6,潰
khui6,饋
khun1,坤
khun1,崑
khun1,昆
khun2,墾
khun2,懇
khun2,捆
khun2,窘
khun2,菌
khun3,困
khun3,睏
khun3,頃
khun5,拳
khun5,羣
khur3,去
khur5,渠
khurh4,乞
khurh4,吃
khurn5,勤
khurn5,芹
khurt4,乞
khut4,倔
khut4,屈
khut4,窟
ki1,乩
ki1,基
ki1,奇
ki1,姬
ki1,岐
ki1,嵇
ki1,幾
ki1,支
ki1,期
ki1,枝
ki1,梔
ki1,機
ki1,畸
ki1,畿
ki1,稽
ki1,箕
ki1,肌
ki1,譏
ki1,飢
ki1,饑
ki2,几
ki2,己
ki2,指
ki2,稽
ki2,紀
ki2,𣏌
ki3,廄
ki3,既
ki3,暨
ki3,痣
ki3,紀
ki3,繼
ki3,薊
ki3,覬
ki3,計
ki3,記
ki5,旗
ki5,棋
ki6,企
ki6,伎
ki6,冀
ki6,妓
ki6,忌
ki6,技
ki6,羈
ki7,己
kia1,佳
kia1,加
kia1,咖
kia1,嘉
kia1,笳
kia1,茄
kia1,迦
kia2,假
kia2,賈
kia3,寄
kiah4,揭
kiah4,撅
kiah8,劇
kiah8,屐
kiam1,兼
kiam2,撿
kiam2,檢
kiam2,減
kiam2,鹼
kiam3,劍
kiam5,鹹
kiam5,鹼
kiang1,僵
kiang1,姜
kiang1,殭
kiang1,疆
kiang1,羌
kiang2,強
kiang2,强
kiann1,京
kiann1,經
kiann1,驚
kiann2,今
kiann2,仔
kiann2,囝
kiann3,鏡
kiann5,行
kiann6,件
kiann7,健
kiap4,刧
kiap4,劫
kiap4,峽
kiap4,愜
kiap4,潔
kiap4,篋
kiap4,頰
kiap8,夾
kiau1,嬌
kiau1,澆
kiau1,邀
kiau1,驕
kiau2,攪
kiau2,矯
kiau2,筊
kiau2,繳
kiau2,餃
kiau2,𢅎
kiau6,撬
kiau6,橇
kie3,叫
kie3,呌
kie5,橋
kie5,茄
kie7,轎
kieh4,角
kien1,堅
kien1,娟
kien1,慳
kien1,捐
kien1,鵑
kien3,建
kien3,絹
kien3,見
kien6,健
kien6,建
kien6,毽
kien6,犍
kien6,鍵
kienn1,薑
kiet4,吉
kiet4,潔
kiet8,傑
kiet8,桀
kiet8,竭
kih4,砌
kih4,頰
kim1,今
kim1,金
kim2,錦
kim3,禁
kim6,妗
kin2,緊
kinn3,見
kinn5,墘
kinn5,舷
kioh4,腳
kiok4,粥
kiok4,鞠
kiong1,共
kiong1,恭
kiong1,穹
kiong1,躬
kiong2,拱
kip4,急
kip4,給
kip8,及
kit4,吉
kit4,揭
kit4,桔
kit4,結
kiu1,勼
kiu1,龜
kiu2,九
kiu2,玖
kiu2,赳
kiu3,廄
kiu3,救
kiu3,疚
kiu3,究
kiu5,球
kiu6,咎
kiu6,疚
kiu6,糾
kng1,光
kng1,崗
kng1,扛
kng1,缸
kng2,卷
kng2,卺
kng2,廣
kng2,管
kng2,耿
kng3,鋼
ko1,哥
ko1,歌
ko1,滒
ko1,瘑
ko1,竿
ko1,篙
ko1,糕
ko1,羔
ko1,膏
ko1,過
ko1,高
ko2,稿
ko2,裹
ko3,划
ko3,告
ko3,塊
ko5,撾
ko6,個
koh4,各
koh4,擱
koh4,胳
koh4,閣
koi1,街
koi1,雞
koi2,改
koi2,攺
koi2,解
koi3,戒
koi3,疥
koi3,解
koi3,計
koi5,鮭
koi7,慧
koi7,易
koih4,圿
koih4,夾
koih4,莢
koih8,夾
koih8,挾
koih8,葵
koinn1,肩
koinn1,間
koinn2,繭
koinn2,襇
koinn3,間
kok4,咯
kok4,國
kok4,峪
kok4,幗
kok4,穀
kok4,谷
kong1,公
kong1,功
kong1,工
kong1,攻
kong1,蚣
kong1,龔
kong2,㼦
kong2,講
kong3,愩
kong3,槓
kong3,汞
kong3,貢
kong3,𨫋
kong5,戇
kou1,估
kou1,姑
kou1,孤
kou1,枯
kou1,沽
kou1,罛
kou1,菇
kou1,菰
kou1,辜
kou2,估
kou2,古
kou2,嘏
kou2,岣
kou2,牡
kou2,牯
kou2,股
kou2,苟
kou2,鼓
kou3,僱
kou3,垢
kou3,夠
kou3,妒
kou3,構
kou3,購
kou3,顧
kou5,糊
kou5,罟
kou5,餬
ku1,佝
ku1,咕
ku1,孤
ku1,辜
ku1,駒
ku1,龜
ku2,久
ku2,古
ku2,蠱
ku2,賈
ku2,韭
ku3,句
ku3,固
ku3,故
ku3,灸
ku3,顧
ku6,具
ku6,懼
ku6,舅
ku7,故
ku7,舊
kua1,柯
kua1,歌
kua2,剮
kua2,寡
kua3,掛
kua3,旰
kua3,蓋
kua3,褂
kuah4,割
kuah4,噶
kuah4,渴
kuah4,葛
kuai1,乖
kuai1,鮭
kuai2,拐
kuai2,柺
kuai3,儈
kuai3,劊
kuai3,怪
kuai3,會
kuai3,檜
kuai3,繪
kuai3,膾
kuak4,郭
kuan1,冠
kuan1,綸
kuan1,觀
kuan1,關
kuan1,𨵿
kuan2,管
kuan2,館
kuan3,冠
kuan3,券
kuan3,慣
kuan3,摜
kuan3,灌
kuan3,痒
kuan3,盥
kuan3,眷
kuan3,礶
kuan3,罐
kuan3,觀
kuan3,貫
kuan6,倦
kuan6,捲
kuang1,光
kuang1,胱
kuang1,觥
kuang1,誆
kuang1,誑
kuang1,鰥
kuang2,廣
kuang2,炯
kuang2,耿
kuang2,迥
kuang6,逛
kuann1,官
kuann1,干
kuann1,杆
kuann1,桿
kuann1,棺
kuann1,稈
kuann1,竿
kuann1,肝
kuann2,果
kuann2,菓
kuann2,趕
kuann5,寒
kuann6,摜
kuann6,貫
kuann7,汗
kuat4,刮
kuat4,廓
kuat4,抉
kuat4,括
kuat4,決
kuat4,炔
kuat4,玦
kuat4,訣
kuat4,颳
kuaⁿ1,乾
kue1,渦
kue1,瓜
kue2,果
kue2,粿
kue2,菓
kue2,裹
kue2,餜
kue3,怪
kue3,掛
kue3,過
kue5,葵
kueh4,刮
kueh4,郭
kueh8,橛
kueh8,𰉗
kuenn1,關
kuenn1,𨵿
kui1,圭
kui1,奎
kui1,歸
kui1,皈
kui1,硅
kui1,窺
kui1,規
kui1,閨
kui1,鮭
kui2,傀
kui2,幾
kui2,機
kui2,詭
kui2,鬼
kui3,悸
kui3,桂
kui3,瑰
kui3,癸
kui3,貴
kui3,鱖
kui6,跪
kuinn3,慣
kuinn5,危
kuinn5,懸
kuinn7,櫃
kuinn7,縣
kun1,君
kun1,皸
kun1,軍
kun2,滾
kun2,綑
kun2,緄
kun2,輥
kun3,棍
kun5,裙
kun6,郡
kur1,居
kur1,裾
kur1,車
kur2,枸
kur2,櫃
kur2,矩
kur2,舉
kur2,齲
kur3,鋸
kur5,据
kur6,巨
kur6,拒
kur6,據
kur6,炬
kur6,距
kur6,踞
kurn1,均
kurn1,巾
kurn1,斤
kurn1,根
kurn1,筋
kurn1,跟
kurn1,鈞
kurn2,僅
kurn2,謹
kurn3,靳
kurn5,凝
kurn6,近
kut4,骨
kut8,掘
kut8,滑
kut8,猾
la1,啦
la1,喇
la1,垃
la1,拉
la5,朥
la6,𤰉
lah8,拉
lah8,曆
lah8,歷
lah8,獵
lah8,臘
lah8,蜡
lah8,蠟
lah8,辣
lai3,賚
lai5,來
lai5,梨
lai5,狸
lai5,萊
lai6,內
lai6,裏
lai6,裡
lai7,俐
lai7,利
lak4,碌
lak4,落
lak8,六
lak8,慄
lak8,栗
lak8,樂
lak8,陸
lam1,籠
lam2,攬
lam2,纜
lam2,艦
lam2,覽
lam5,南
lam5,婪
lam5,淋
lam5,瓏
lam5,男
lam5,藍
lam5,襤
lam6,濫
lan2,懶
lan5,攔
lan5,欄
lan5,瀾
lan5,蘭
lan5,讕
lan5,闌
lan5,零
lan5,鱗
lan6,卵
lan6,爛
lang2,囊
lang5,廊
lang5,榔
lang5,濃
lang5,狼
lang5,琅
lang5,稂
lang5,籠
lang5,聾
lang5,胴
lang5,膿
lang5,踉
lang5,郎
lang5,郞
lang6,朗
lang6,浪
lang6,踉
lap4,邋
lap8,納
lat8,力
lau1,撈
lau2,佬
lau2,姥
lau2,漏
lau2,簍
lau2,老
lau2,荖
lau3,溜
lau3,澇
lau5,劉
lau5,勞
lau5,撈
lau5,樓
lau5,流
lau5,潦
lau5,留
lau5,醪
lau6,栳
lau6,老
lau6,鬧
lau7,漏
lauh8,落
le5,麗
leh8,曆
leh8,歷
leh8,瀝
leh8,礫
lek8,勒
lek8,氯
lek8,癧
lek8,綠
lek8,肋
lek8,陸
leng1,鈴
leng2,冷
leng2,壟
leng2,攆
leng2,隴
leng5,伶
leng5,凌
leng5,另
leng5,叧
leng5,嚨
leng5,寧
leng5,拎
leng5,擰
leng5,棱
leng5,楞
leng5,檸
leng5,濘
leng5,獰
leng5,玲
leng5,瓴
leng5,綾
leng5,羚
leng5,聆
leng5,能
leng5,菱
leng5,陵
leng5,隆
leng5,零
leng5,靈
leng5,齡
leng5,龍
leng6,令
li2,哩
li2,履
li2,旅
li2,李
li2,理
li2,禮
li2,蠡
li2,裏
li2,裡
li2,里
li2,鯉
li5,厘
li5,喱
li5,漓
li5,犛
li5,狸
li5,璃
li5,籬
li5,罹
li5,詈
li5,釐
li5,離
li5,魑
li5,鸝
li5,麗
li5,黎
li6,俐
li6,利
li6,勵
li6,厲
li6,戾
li6,痢
li6,癘
li6,礪
li6,荔
li6,莉
li6,蒞
li6,麗
li7,例
li7,俐
li7,吏
li7,哩
liah8,掠
liak8,慄
liak8,撂
liak8,略
liam1,拈
liam1,粘
liam2,斂
liam2,殮
liam5,奩
liam5,帘
liam5,廉
liam5,簾
liam5,臁
liam5,鐮
liam6,廿
liam6,念
liam7,唸
liang2,倆
liang2,兩
liang2,輛
liang2,魎
liang5,凉
liang5,憐
liang5,梁
liang5,涼
liang5,粱
liang5,良
liang5,量
liang6,亮
liang6,晾
liang6,諒
liang6,量
liang6,靚
liap8,粒
liau1,䩍
liau2,了
liau2,瞭
liau3,了
liau5,僚
liau5,寥
liau5,寮
liau5,撈
liau5,撩
liau5,潦
liau5,燎
liau5,獠
liau5,療
liau5,瞭
liau5,聊
liau5,遼
liau5,醪
liau5,鐐
liau7,廖
liau7,料
liau7,鷺
lie5,撈
lien2,臉
lien5,憐
lien5,漣
lien5,聯
lien5,蓮
lien5,連
lien5,鏈
lien6,吝
lien7,煉
lien7,練
lien7,鍊
lien7,鏈
liet8,列
liet8,烈
liet8,鬣
lih8,咧
lih8,裂
lim1,啉
lim2,凜
lim5,林
lim5,淋
lim5,琳
lim5,臨
lim5,霖
lin2,輦
lin3,輾
lin5,磷
lin5,聯
lin5,轔
lin5,鄰
lin5,鱗
lin5,麟
lip8,立
liu1,溜
liu2,㧕
liu2,柳
liu2,鈕
liu3,溜
liu3,餾
liu5,六
liu5,榴
liu5,流
liu5,琉
liu5,留
liu5,瘤
liu5,硫
liu7,㨨
liu7,鎏
liu7,鎦
lo2,咾
lo2,惱
lo2,栳
lo2,浪
lo2,潦
lo2,腦
lo2,裸
lo2,裹
lo2,顆
lo5,囉
lo5,榔
lo5,牢
lo5,籮
lo5,羅
lo5,腡
lo5,蘿
lo5,螺
lo5,邏
lo5,醪
lo5,鑼
lo5,騾
lo7,了
lo7,咯
lo7,狼
loh8,落
loh8,駱
loi2,禮
loi5,犁
loi5,黎
loi7,籬
loih8,笠
lok4,漉
lok4,爛
lok8,戮
lok8,洛
lok8,烙
lok8,碌
lok8,磊
lok8,祿
lok8,絡
lok8,貉
lok8,酪
lok8,錄
lok8,陸
lok8,駱
lok8,骼
lok8,麓
long2,壟
long2,攏
long2,籠
long5,囊
long5,朧
long5,濃
long5,矓
long5,窿
long5,膿
long5,農
long5,隆
long6,弄
lou2,嶁
lou2,惱
lou2,摟
lou2,滷
lou2,鹵
lou5,廬
lou5,爐
lou5,盧
lou5,蘆
lou5,鱸
lou5,鸕
lou6,滷
lou6,陋
lou7,路
lou7,露
lu2,屢
lu2,擄
lu2,縷
lu2,虜
lu2,魯
lu5,婁
lu5,廬
lu5,盧
lu5,蘆
lu5,顱
lu5,髏
lu5,鸕
lu6,潞
lu6,賂
lu6,鷺
lua5,籮
lua7,賴
luah4,烙
luah8,辣
luah8,閱
luan2,暖
luan3,戀
luan5,孿
luan5,巒
luan5,攣
luan5,灤
luan5,鑾
luan6,亂
luat4,劣
luat4,閱
lui2,儡
lui2,壘
lui2,磊
lui2,累
lui2,纍
lui2,蕊
lui2,蕾
lui5,擂
lui5,羸
lui5,蕾
lui5,鐳
lui5,雷
lui6,淚
lui6,累
lui7,累
lui7,類
lun2,忍
lun3,嫩
lun5,侖
lun5,倫
lun5,崙
lun5,掄
lun5,淪
lun5,綸
lun5,輪
lun6,論
lun7,蹂
lur2,你
lur2,汝
lur2,爾
lur5,勞
lur5,閭
lur5,驢
lur6,侶
lur6,呂
lur6,慮
lur6,濾
lur6,鋁
lut4,脫
lut8,律
lut8,率
lut8,鷸
m2,姆
m2,姥
m2,拇
m2,母
m2,𡚸
m6,不
m6,唔
m6,毋
ma1,媽
ma2,嗎
ma2,媽
ma2,瑪
ma2,碼
ma2,螞
ma2,馬
ma7,嘛
mai3,勿
mai5,埋
mai5,霾
mai6,邁
mak4,衊
mak8,目
man2,挽
man2,輓
man5,蠻
man5,閩
man6,曼
man7,慢
mang2,莽
mang2,蚊
mang2,蟒
mang2,蠓
mang5,忙
mang5,氓
mang5,盲
mang5,芒
mang5,茫
mang6,幕
mang6,網
mang7,夢
mang7,芒
mau1,貓
mau3,耄
mau5,毛
mau5,犛
mau5,矛
mau5,茅
mau5,髦
mau6,冒
mau6,貌
me1,蜢
me2,猛
me2,蟒
me5,冥
me5,夜
me5,明
me5,暝
me5,盲
me5,芒
me7,嗎
me7,罵
meh4,咩
meh8,脈
mehnn2,脉
mehnn8,脈
mek8,貊
mek8,陌
meng2,猛
meng2,皿
meng2,錳
meng3,眠
meng5,冥
meng5,名
meng5,夜
meng5,明
meng5,暝
meng5,盟
meng5,盲
meng5,眠
meng5,瞑
meng5,萌
meng5,螟
meng5,酩
meng5,銘
meng5,鳴
meng6,命
meng6,孟
mi1,乜
mi1,咪
mi1,眯
mi2,美
mi2,靡
mi5,棉
mi5,眯
mi5,糜
mi5,綿
mi5,迷
mi5,醚
mi6,媚
mi6,袂
mi6,謎
mi6,𠀾
mi6,𠁞
mi6,𣍐
mi7,麫
mi7,麵
miann5,名
miann7,命
miau2,杳
miau2,淼
miau2,渺
miau2,秒
miau2,藐
miau5,描
miau5,瞄
miau5,苗
miau5,錨
miau6,妙
mien2,免
mien2,冕
mien2,勉
mien2,娩
mien2,憫
mien2,敏
mien2,緬
mien2,閔
mien5,綿
mih4,乜
min2,免
min2,甭
min5,抿
min5,民
min5,氓
min5,泯
min5,眠
min7,面
mit8,冪
mit8,密
mit8,滅
mit8,蔑
mit8,蜜
mit8,衊
mit8,覓
mit8,覔
mit8,默
mng2,晚
mng5,們
mng5,門
mng7,問
mo1,茅
mo2,孬
mo2,𪥸
mo5,埋
mo5,摩
mo5,摸
mo5,摹
mo5,模
mo5,毛
mo5,蘑
mo5,魔
mo6,募
mo6,墓
mo6,幕
mo6,慕
mo6,暮
mo7,望
mo7,麼
moh4,麼
moh8,漠
moh8,膜
mok8,寞
mok8,木
mok8,沐
mok8,沒
mok8,漠
mok8,牧
mok8,疫
mok8,睦
mok8,穆
mok8,莫
mong2,晚
mong2,某
mong3,貿
mong5,摸
mong5,朦
mong5,檬
mong5,濛
mong5,矇
mong5,芒
mong5,蒙
mong5,蚊
mong5,蠓
mong5,謀
mong6,舞
mong6,茂
mou3,瞀
mou5,牟
mou5,謀
mou6,瞀
mou6,茂
mou6,袤
mua1,幔
mua2,滿
mua5,埋
mua5,摩
mua5,痲
mua5,瞞
mua5,蔴
mua5,鰻
mua5,麻
muat8,末
mue2,每
mue5,糜
mue6,妹
mue6,寐
mue6,昧
mue6,魅
mue7,妹
mueh8,物
mui2,美
mui2,鎂
mui5,微
mut8,沒
na1,南
na2,哪
na2,拿
na2,欖
na2,那
na5,哪
na5,林
na5,籃
na5,藍
na6,爁
na7,哪
na7,爁
na7,若
nah4,垃
nai2,乃
nai2,奶
nai6,乃
nai6,奈
nai6,氖
nai6,癩
nai6,籟
nai6,耐
nai6,賴
nam2,攬
nam3,坔
nam5,南
nan2,俺
nan2,咱
nan2,赧
nan5,難
nan7,難
nang5,人
nang5,儂
nap8,吶
nap8,納
nap8,諾
nap8,鈉
nau1,孬
nau1,澆
nau1,𪥸
nau2,惱
nau2,瑙
nau2,腦
nau5,撓
nau6,扭
nau6,鬧
ne1,嬭
ne2,冷
ne7,呢
ne7,𦮴
nek8,匿
nek8,溺
nek8,肉
nek8,龍
ng1,嗡
ng1,秧
ng2,䘼
ng5,磺
ng5,黃
ng7,嗯
nga3,㦙
ngai5,呆
ngai5,崖
ngai5,捱
ngai5,涯
ngai5,獃
ngai5,皚
ngai6,岸
ngai6,艾
ngak8,噩
ngak8,岳
ngak8,嶽
ngak8,鄂
ngak8,鱷
ngam1,啱
ngam2,眼
ngam5,巖
ngam5,癌
ngan2,眼
ngan3,唁
ngan5,元
ngan5,凝
ngan5,言
ngan5,顏
ngan6,彥
ngan6,諺
ngan6,贗
ngan6,雁
ngang1,昂
ngau1,囂
ngau5,敖
ngau5,淆
ngau5,熬
ngau5,爻
ngau5,獒
ngau5,翱
ngau5,餚
ngau6,傲
nge6,硬
ngek8,逆
ngeng5,凝
ngeng5,迎
ngi2,擬
ngi2,議
ngi3,誼
ngi5,倪
ngi5,儀
ngi5,宜
ngi5,毅
ngi5,羿
ngi5,霓
ngi6,義
ngia2,雅
ngiak8,瘧
ngiak8,虐
ngiak8,鎳
ngiam5,嚴
ngiam5,閻
ngiam7,驗
ngiang2,仰
ngiap8,孽
ngiap8,業
ngiau1,貓
ngiau2,老
ngiau5,堯
ngien3,願
ngien5,妍
ngien5,研
ngiet4,喫
ngiet4,齧
ngim5,吟
ngim5,黔
ngo2,我
ngo5,俄
ngo5,吾
ngo5,哦
ngo5,娥
ngo5,峨
ngo5,愚
ngo5,梧
ngo5,虞
ngo5,蛾
ngo5,隅
ngo6,寓
ngo6,寤
ngo6,悟
ngo6,晤
ngo6,遇
ngoh8,愕
ngoih4,齧
ngoinn2,研
ngou2,五
ngou2,伍
ngou2,偶
ngou2,午
ngou2,牾
ngou2,藕
ngou2,𩵱
ngou6,五
ngou6,伍
nguan2,玩
nguan2,阮
nguan2,頑
nguan5,元
nguan5,原
nguan5,源
nguan5,顏
nguan6,愿
nguan6,願
ngui5,危
ngui5,巍
ngui6,僞
ngui6,詭
ngurn5,銀
ngurn5,靳
ngurn5,齦
ngurt4,吃
ngurt4,屹
ngurt4,疙
ngurt4,訖
ngurt4,迄
ni1,呢
ni1,奶
ni1,嬭
ni1,𦮴
ni2,女
ni2,弭
ni2,彌
ni2,染
ni2,瀰
ni2,獼
ni3,泥
ni5,呢
ni5,妮
ni5,尼
ni5,年
ni5,昵
ni5,泥
ni5,𦮴
ni6,奶
ni6,泥
ni6,膩
nia2,嶺
nia2,領
niam1,黏
niam5,黏
niang5,娘
niap4,懾
niap4,捏
niap4,攝
niap4,涅
niap4,聶
niap4,鑷
niap8,拈
niap8,捻
niau2,嫋
niau2,溺
niau3,皺
nie2,両
nienn2,両
nienn5,娘
nienn5,梁
nienn5,粮
nienn5,粱
nienn5,糧
nienn5,量
nienn7,讓
nih4,攝
nih4,𥍉
nin2,恁
niu2,妞
niu2,扭
niu2,紐
niu2,鈕
niu6,謬
nng2,女
nng2,軟
nng3,鑽
nng5,䌜
nng5,瓤
nng5,郎
nng5,郞
nng6,卵
nng7,浪
no3,努
no3,怒
no3,懦
no3,糯
no3,駑
no5,娜
no5,挪
no5,榔
no6,二
no6,兩
no6,貳
no7,哪
no7,怒
noinn5,荔
noinn5,蓮
nou1,奴
nou5,奴
nou5,孥
nua5,欄
nua6,涎
nua6,涏
nua6,瀾
nua7,爛
nui2,餒
o1,亞
o1,呵
o1,噢
o1,媧
o1,屙
o1,汚
o1,污
o1,渦
o1,窩
o1,蝸
o1,鏖
o1,阿
o2,襖
o3,奧
o3,懊
o3,澳
o5,荷
o5,菏
o5,蠔
o6,哦
o6,臥
o6,荷
o7,哦
o7,啊
oh4,僫
oh4,呃
oh4,惡
oh8,學
oi1,挨
oi2,矮
oi5,鞋
oi6,會
oih8,狹
oinn2,眼
oinn5,閑
oinn5,閒
ok4,屋
ok4,握
ok4,沃
ok4,齷
ong1,嗡
ong1,翁
ong3,盎
ong3,齆
ong6,擁
ou1,烏
ou1,鎢
ou1,鷗
ou5,湖
ou5,胡
ou7,芋
pa1,叭
pa1,吧
pa1,巴
pa1,爸
pa1,疤
pa1,笆
pa1,芭
pa1,葩
pa2,把
pa2,靶
pa2,飽
pa3,埧
pa3,壩
pa3,欛
pa3,豹
pa3,霸
pa6,罷
pai2,擺
pai2,襬
pai3,拜
pai5,徘
pai5,排
pai5,牌
pai7,敗
pak4,亳
pak4,八
pak4,剝
pak4,北
pak4,幅
pak4,腹
pak4,膊
pak4,輻
pak8,縛
pan1,斑
pan1,班
pan1,頒
pan2,扳
pan2,板
pan2,版
pan2,闆
pan3,扮
pan5,便
pan7,辦
pang1,崩
pang1,幫
pang1,彭
pang1,方
pang1,枋
pang1,梆
pang1,楓
pang1,繃
pang1,肪
pang1,蹦
pang1,邦
pang2,榜
pang2,綁
pang2,耪
pang2,膀
pang3,放
pang5,房
pang5,馮
pang6,棒
pang6,謗
pat4,別
pat4,識
pat4,𧧸
pat4,𰵬
pat8,別
pat8,菝
pau1,包
pau1,孢
pau1,胞
pau1,苞
pau2,保
pau2,堡
pau2,褓
pau2,鴇
pau3,鑤
pau6,暴
pau6,瀑
pau6,爆
pau6,鮑
pauh4,癤
pe2,把
pe5,扒
pe5,杷
pe5,爬
pe5,琶
pe5,耙
pe5,鈀
pe6,父
pe6,阜
peh4,伯
peh4,佰
peh4,掰
peh4,柏
peh4,爬
peh4,百
peh8,帛
peh8,白
pek4,偪
pek4,愊
pek4,柏
pek4,煏
pek4,薄
pek4,迫
pek4,逼
pek4,𤇢
peng2,炳
peng2,秉
peng5,迸
peng6,並
peng6,併
peng6,并
peng6,幷
penn3,柄
penn5,平
penn5,棚
penn7,病
pha1,拋
pha1,脬
pha1,趴
pha6,泡
phah4,啪
phah4,打
phah4,拍
phai2,呸
phai2,痞
phai3,沛
phai3,派
phai3,湃
phai3,霈
phak4,伏
phak4,博
phak4,搏
phak4,趴
phak8,暴
phak8,曝
phak8,瀑
phak8,雹
phan1,攀
phan3,盼
phang1,芳
phang1,蜂
phang2,紡
phang5,傍
phang5,帆
phang5,彭
phang5,彷
phang5,旁
phang5,滂
phang5,磅
phang5,篷
phang5,膀
phang5,航
phang5,龐
phang7,縫
phann3,冇
phann3,怕
phau1,刨
phau1,拋
phau1,泡
phau1,褒
phau2,跑
phau3,泡
phau3,炮
phau3,砲
phau5,刨
phau5,咆
phau5,庖
phau5,炮
phau5,狍
phau5,袍
phau6,抱
phe3,帕
phek4,劈
phek4,珀
phek4,碧
phek4,辟
phek4,闢
phek4,霹
phek4,魄
pheng1,拼
pheng1,烹
pheng3,聘
pheng3,騁
pheng5,坪
pheng5,平
pheng5,怦
pheng5,憑
pheng5,抨
pheng5,朋
pheng5,砰
pheng5,硼
pheng5,萍
pheng5,評
phenn5,平
phenn5,彭
phenn5,澎
phenn5,膨
phi1,披
phi2,丕
phi2,否
phi2,疕
phi2,痞
phi3,譬
phi3,鄙
phi5,疲
phi5,脾
phi5,貔
phi5,陂
phi6,屁
phiah4,僻
phiah4,癖
phiah8,僻
phiann1,𩩍
phiann3,聘
phiann5,坪
phiau1,標
phiau1,漂
phiau1,瓢
phiau1,膘
phiau1,飄
phiau1,飆
phiau1,驃
phie3,票
phie5,萍
phie6,鰾
phien1,偏
phien1,扁
phien1,篇
phien1,編
phien1,翩
phien3,片
phien3,騙
phin2,品
phin2,貶
phin5,屏
phin5,摒
phin5,瀕
phin5,瓶
phin5,蘋
phin5,貧
phin5,頻
phinn1,便
phinn1,偏
phinn3,片
phinn7,鼻
phinn7,𣴨
phit4,匹
phit4,疋
phiu3,漂
pho1,陂
pho2,頗
pho5,繁
pho6,抱
phoh4,粕
phoi1,批
phoinn7,稗
phoinn7,辦
phok4,仆
phok4,凸
phok4,撲
phok4,朴
phok4,樸
phok4,爆
phok8,噗
phong2,捧
phong2,搿
phong3,碰
phong3,肨
phong5,篷
phong5,縫
phong5,蓬
phong5,鵬
phou1,鋪
phou1,麩
phou2,剖
phou2,圃
phou2,普
phou2,浦
phou2,甫
phou2,脯
phou2,譜
phou3,涪
phou3,舖
phou5,抔
phou6,簿
phu2,肏
phu5,浮
phu5,莆
phu5,菩
phu5,葡
phu5,蒲
phu5,蜉
phua3,破
phua5,婆
phuah4,撇
phuah4,撥
phuah4,潑
phuah4,瞥
phuan1,幡
phuan1,藩
phuan3,判
phuan3,拌
phuan3,畔
phuan3,絆
phuan3,胖
phuan5,幋
phuan5,盤
phuan5,磐
phuan5,般
phuann1,潘
phuann1,畨
phuann1,番
phuann2,頗
phuann3,判
phuann6,伴
phue1,坯
phue1,壞
phue1,胚
phue3,杮
phue3,配
phue5,皮
phue5,裴
phue6,被
phueh8,詖
phueh8,𠱀
phui2,呸
phui2,啡
phui3,呸
phui3,啡
phui3,屁
phun1,潘
phun3,噴
phun5,墳
phun5,盆
pi1,卑
pi1,嗶
pi1,砒
pi1,碑
pi1,蓖
pi1,陂
pi2,俾
pi2,彼
pi2,比
pi2,毗
pi2,畀
pi2,稗
pi3,匕
pi3,庇
pi3,揹
pi3,毖
pi3,泌
pi3,痹
pi3,祕
pi3,背
pi3,臂
pi3,費
pi5,丕
pi5,啤
pi5,枇
pi5,琵
pi5,脾
pi6,備
pi6,幣
pi6,憊
pi6,敝
pi6,斃
pi6,被
pi6,閉
pi6,陛
pi7,弊
pi7,蔽
pi7,避
piah4,壁
piann1,兵
piann1,冰
piann1,氷
piann1,𫥇
piann2,丙
piann2,餅
piann3,拚
piau2,殍
piau2,表
pie1,標
pie1,票
pie1,錶
pie1,鏢
pie2,表
pie3,漂
pien1,邊
pien1,鞭
pien2,匾
pien2,扁
pien2,貶
pien3,變
pien3,遍
pien6,便
pien6,卞
pien6,瓣
pien6,辨
pien6,辯
piet8,別
piet8,蹩
pih4,憋
pih4,鱉
pik4,𤷗
pin1,乒
pin1,彬
pin1,摒
pin1,斌
pin1,檳
pin1,濱
pin1,賓
pin2,匾
pin2,品
pin2,屏
pin2,摒
pin2,禀
pin2,稟
pin3,擯
pin3,箆
pin3,遍
pin3,髕
pin3,鬢
pin5,平
pinn1,辮
pinn1,邊
pinn1,鞭
pinn2,扁
pinn3,變
pinn6,辮
pit4,必
pit4,筆
pit8,䘃
pit8,畢
pit8,癟
piu1,彪
png1,方
png2,本
png7,飯
po1,坡
po1,波
po1,玻
po1,菠
po2,保
po2,寶
po3,報
po5,婆
po5,薄
poh4,駁
poh8,泊
poh8,礴
poh8,箔
poh8,舶
poh8,薄
poh8,鉑
poh8,魄
poih4,八
poih4,捌
poih8,拔
poinn1,斑
poinn2,反
poinn2,板
poinn2,版
poinn5,爿
poinn5,畔
pok4,卜
pok8,僕
pok8,蔔
pong5,乓
pong5,泵
pong7,磅
pong7,鎊
pou1,埔
pou1,埠
pou1,夫
pou2,斧
pou2,脯
pou2,補
pou3,佈
pou3,傅
pou3,布
pou6,部
pou7,哺
pou7,步
pu1,晡
pu3,佈
pu3,富
pu3,怖
pu3,背
pu5,包
pu5,匏
pu5,堆
pu5,煲
pu5,瓠
pu6,哺
pu6,婦
pu6,捕
pu6,胕
pu7,孵
pua3,播
pua3,簸
pua3,𤿤
puah4,鉢
puah8,拔
puah8,賻
puah8,跋
puan6,叛
puann1,搬
puann1,般
puann3,半
puann5,盤
puann5,蹯
puat8,勃
puat8,拔
puat8,渤
puat8,脖
puat8,荸
puat8,跋
puat8,魃
pue1,杯
pue1,飛
pue3,背
pue3,貝
pue3,輩
pue5,培
pue5,賠
pue5,陪
pue6,佩
pue6,倍
pue6,狽
pue6,貝
pue6,鋇
pue7,焙
pue7,瑁
pui1,卑
pui1,壞
pui1,悲
pui5,肥
pui7,吠
pun1,分
pun1,奔
pun2,本
pun2,苯
pun3,夯
pun3,畚
pun3,糞
pun5,歕
pun6,笨
put4,不
sa1,抄
sa1,沙
sa1,砂
sa1,莎
sa3,哨
sa6,傻
sa6,啥
sah8,煠
sai1,司
sai1,師
sai1,思
sai1,犀
sai1,獅
sai1,私
sai1,篩
sai1,腮
sai1,西
sai1,鰓
sai2,使
sai2,屎
sai2,駛
sai3,使
sai3,塞
sai3,婿
sai3,曬
sai3,灑
sai3,賽
sai5,豺
sai6,柿
sak4,剎
sak4,撒
sak4,薩
sak4,蝨
sam1,三
sam1,杉
sam1,舢
san1,三
san1,刪
san1,山
san1,柵
san1,珊
san1,鉎
san2,㾪
san2,瘦
san3,疝
san3,霰
sang1,雙
sang1,鬆
sang2,㾪
sang2,嗓
sang3,喪
sang3,送
sann1,三
sann1,叄
sann1,衫
sap4,圾
sap4,颯
sap8,剎
sat4,塞
sat4,虱
sau1,捎
sau1,搔
sau1,梢
sau1,鞘
sau1,騷
sau2,嫂
sau3,哨
sau3,嗽
sau3,嘯
sau3,掃
sau3,梢
se1,些
se1,紗
se1,裟
se1,西
sek4,夕
sek4,媳
sek4,式
sek4,息
sek4,悉
sek4,擲
sek4,昔
sek4,晰
sek4,晳
sek4,析
sek4,植
sek4,殖
sek4,汐
sek4,熄
sek4,瑟
sek4,皙
sek4,矽
sek4,碩
sek4,穡
sek4,窸
sek4,色
sek4,蟋
sek4,識
sek4,適
sek4,釋
sek4,飾
sek8,熟
seng1,勝
seng1,升
seng1,惺
seng1,旌
seng1,昇
seng1,牲
seng1,猩
seng1,生
seng1,甥
seng1,聲
seng1,腥
seng1,陞
seng2,省
seng3,勝
seng3,聖
seng5,丞
seng5,乘
seng5,成
seng5,承
seng5,松
seng5,榕
seng5,誠
seng6,乘
seng6,盛
senn1,牲
senn1,生
senn1,鉎
senn1,鍟
senn2,省
senn3,姓
senn3,性
set4,拭
si1,俬
si1,司
si1,尸
si1,屍
si1,思
si1,施
si1,棲
si1,硒
si1,私
si1,絲
si1,西
si1,詩
si1,鷥
si2,始
si2,弛
si2,死
si2,矢
si2,豕
si3,世
si3,勢
si3,四
si3,肆
si5,匙
si5,時
si5,辭
si6,侍
si6,峙
si6,恃
si6,是
si6,氏
si6,視
si7,嗜
si7,噬
si7,示
si7,視
si7,誓
si7,豉
si7,逝
sia1,斜
sia2,寫
sia3,卸
sia3,捨
sia3,瀉
sia3,舍
sia3,赦
sia5,斜
sia5,畬
sia5,畲
sia5,邪
sia6,社
sia7,射
sia7,謝
siah4,削
siah4,錫
siah8,席
siak4,屑
siam1,參
siam1,森
siam1,苫
siam2,苫
siam2,閃
siam2,陝
siam3,滲
siam5,尋
siam5,禪
siam5,蟬
siam6,禪
siang1,商
siang1,墒
siang1,殤
siang1,湘
siang1,湯
siang1,相
siang1,襄
siang1,觴
siang1,鑲
siang2,想
siang2,鯗
siang3,信
siang3,相
siang5,上
siang5,嘗
siang5,嫦
siang5,常
siang5,祥
siang5,翔
siang5,裳
siang5,詳
siang6,上
siang6,像
siang6,尙
siang6,尚
siang6,象
siann1,聲
siann3,聖
siann5,城
siann5,成
siann7,盛
siap4,倏
siap4,嗇
siap4,澀
siap4,澁
siap4,霎
siap8,拾
siap8,泄
siap8,涉
siau1,宵
siau1,宿
siau1,捎
siau1,搜
siau1,消
siau1,硝
siau1,稍
siau1,肖
siau1,蕭
siau1,銷
siau1,霄
siau1,鞘
siau2,小
siau2,少
siau2,𤞚
siau3,少
siau3,數
siau3,笑
siau6,紹
siau6,肇
siau6,肖
siau6,邵
siau6,韶
sie1,消
sie1,燒
sie1,相
sie1,霄
sie2,小
sie7,邵
sieh4,惜
sieh8,勺
sieh8,液
sieh8,石
sien1,仙
sien1,秈
sien2,洗
sien2,癬
sien2,蘚
sien2,跣
sien2,銑
sien2,鮮
sien3,搧
sien3,煽
sien5,單
sien5,闡
sien6,善
sien6,單
sien6,撣
sien6,擅
sien6,繕
sien6,腎
sien6,膳
sien6,鱔
sienn1,傷
sienn1,廂
sienn1,箱
sienn1,鑲
sienn2,賞
sienn3,像
sienn3,尙
sienn3,尚
sienn3,相
sienn3,肖
sienn5,償
sienn5,嘗
sienn5,嚐
sienn5,常
sienn6,想
sienn7,尚
siet4,契
siet4,楔
siet4,褻
siet4,設
sih4,薛
sih8,窸
sih8,蝕
sih8,食
sim1,心
sim1,新
sim1,芯
sim2,嬸
sim2,審
sim2,慎
sim2,沁
sim2,沈
sim2,瀋
sim5,忱
sim6,什
sim6,甚
sin1,伸
sin1,先
sin1,呻
sin1,新
sin1,申
sin1,砷
sin1,紳
sin1,莘
sin1,薪
sin1,身
sin1,辛
sin1,鋅
sin3,信
sin3,囟
sin3,汛
sin3,芯
sin3,訊
sin3,迅
sin5,娠
sin5,承
sin5,晨
sin5,神
sin5,繩
sin5,蜃
sin5,蠅
sin5,辰
sin7,剩
sinn3,勢
sinn3,扇
sip4,溼
sip4,濕
sip8,什
sip8,拾
sip8,習
sip8,襲
sit4,失
sit4,室
sit4,息
sit8,實
sit8,植
sit8,殖
sit8,翼
sit8,食
siu1,修
siu1,收
siu1,梳
siu1,羞
siu2,守
siu2,帚
siu2,手
siu2,箒
siu2,首
siu2,黍
siu3,宿
siu3,狩
siu3,獸
siu3,秀
siu3,繡
siu3,袖
siu3,鏽
siu5,氽
siu5,泅
siu6,受
siu6,授
siu7,壽
siu7,岫
sng1,喪
sng1,桑
sng1,酸
sng1,霜
sng1,𦅇
sng2,耍
sng3,算
sng3,蒜
sng3,𮅕
so1,唆
so1,挲
so1,搓
so1,梭
so1,疏
so1,莎
so1,蔬
so2,嫂
so2,所
so2,瑣
so2,鎖
so3,疏
soh4,索
soh4,雪
soi1,嘶
soi1,帚
soi1,菷
soi2,洗
soi2,灑
soi3,細
soih4,細
soih4,襭
soinn1,先
sok4,叔
sok4,塑
sok4,夙
sok4,寂
sok4,數
sok4,束
sok4,淑
sok4,漱
sok4,索
sok4,縮
sok4,肅
sok4,速
sok8,俗
sok8,孰
sok8,屬
sok8,續
sok8,贖
song1,鬆
song2,慫
song2,爽
song2,聳
song3,宋
song5,嵩
song5,松
song6,訟
song6,誦
song6,頌
sou1,甦
sou1,穌
sou1,蘇
sou1,酥
sou2,擻
sou2,瘦
sou2,艘
sou7,素
su1,抒
su1,舒
su1,輸
su1,需
su1,須
su2,墅
su2,暑
su2,曙
su2,緒
su2,署
su2,黍
su3,塑
su3,庶
su3,恕
su3,數
su3,素
su3,絮
su3,訴
su5,殊
su6,序
su6,敘
su6,樹
su6,豎
sua1,沙
sua1,痧
sua1,砂
sua1,鯊
sua2,徙
sua3,紲
suah4,宿
suah4,撒
suah4,殺
suah4,煞
suai1,甩
suainn7,檨
suak4,塑
suak4,數
suak4,朔
suak4,溯
suan1,喧
suan1,宣
suan1,萱
suan1,諠
suan2,選
suan3,汆
suan5,旋
suan6,旋
suan7,鏇
suang1,閂
suang2,爽
suann1,山
suann1,汕
suann2,散
suann2,產
suann3,傘
suann3,散
suann3,汕
suann3,線
suann3,腺
suann3,霰
suann5,腺
sue1,衰
sue3,帥
sue3,戍
sue3,歲
sue3,稅
sue3,蛻
sue3,說
sueh4,刷
sueh4,說
suh4,欶
suh8,窣
sui1,綏
sui1,荽
sui1,蓑
sui1,雖
sui5,垂
sui5,燧
sui5,綏
sui5,蕤
sui5,誰
sui5,遂
sui5,隋
sui5,隨
sui6,瑞
sui6,睡
sui7,穗
sui7,隧
sun1,孫
sun1,絢
sun2,損
sun2,笋
sun2,筍
sun3,瞬
sun3,舜
sun3,遜
sun5,巡
sun5,循
sun5,旬
sun5,殉
sun5,純
sun5,詢
sun5,醇
sun5,馴
sun5,鶉
sun6,順
sur1,司
sur1,嘶
sur1,師
sur1,思
sur1,撕
sur1,斯
sur1,私
sur2,史
sur3,四
sur3,思
sur3,泗
sur3,肆
sur3,賜
sur3,駟
sur5,祠
sur5,詞
sur5,辭
sur6,事
sur6,仕
sur6,伺
sur6,似
sur6,嗣
sur6,士
sur6,峙
sur6,嶼
sur6,祀
sur6,食
sur7,事
sut4,屑
sut4,恤
sut4,戌
sut4,摔
sut4,蟀
sut4,銊
sut8,術
sut8,述
ta1,丈
ta1,大
ta1,灱
ta2,打
ta5,嗒
ta5,禾
tah4,搭
tah4,褡
tah4,貼
tah8,誻
tah8,譗
tah8,踏
tai1,呆
tai2,歹
tai3,代
tai3,戴
tai3,貸
tai3,黛
tai5,檯
tai6,大
tai6,怠
tai6,殆
tai6,舵
tai6,逮
tai7,事
tai7,玳
tak4,韃
tak8,度
tak8,毒
tak8,獨
tam1,扁
tam1,担
tam1,擔
tam1,湛
tam1,耽
tam1,聃
tam5,㴷
tam6,淡
tan1,丹
tan1,坍
tan1,担
tan1,擔
tan1,殫
tan1,鄲
tan2,疸
tan2,等
tan3,旦
tan3,蛋
tan3,誕
tan5,陳
tan6,但
tan6,憚
tan6,撣
tang1,中
tang1,冬
tang1,噹
tang1,東
tang2,董
tang2,黨
tang3,凍
tang3,擋
tang3,檔
tang3,當
tang5,仝
tang5,同
tang5,童
tang5,筒
tang5,銅
tang6,動
tang6,宕
tang6,甔
tang6,盪
tang6,筒
tang6,蕩
tang6,重
tang7,洞
tann1,今
tann1,担
tann1,擔
tann2,胆
tann2,膽
tann3,呾
tann3,担
tann3,擔
tann3,石
tann6,擲
tann6,氮
tann6,淡
tann7,賺
tap4,瘩
tap4,答
tap8,答
tat8,値
tat8,值
tat8,達
tau1,兜
tau1,逗
tau2,倒
tau2,島
tau2,找
tau2,抖
tau2,搗
tau2,斗
tau2,禱
tau2,陡
tau3,倒
tau3,晝
tau3,竇
tau3,鬥
tau3,鬦
tau5,投
tau5,骰
tau6,導
tau6,盜
tau6,稻
tau6,蹈
tau6,道
tau7,痘
tau7,荳
tau7,讀
tau7,豆
te5,茶
teh4,壓
tek4,嫡
tek4,德
tek4,竹
tek4,竺
tek8,敵
tek8,滌
tek8,特
tek8,狄
tek8,的
tek8,笛
tek8,翟
tek8,蟄
tek8,軸
tek8,迪
tek8,鹿
teng1,丁
teng1,叮
teng1,徵
teng1,燈
teng1,癥
teng1,登
teng1,盯
teng1,蹬
teng1,酊
teng1,釘
teng2,戥
teng2,等
teng2,頂
teng3,䟓
teng3,中
teng3,凳
teng3,椗
teng3,盯
teng3,訂
teng3,釘
teng5,亭
teng5,塵
teng5,婷
teng5,重
teng6,定
teng6,澱
teng6,綻
teng6,鄧
teng6,鄭
teng6,錠
tenn1,蹬
tenn3,佯
tenn3,詐
tenn6,𢯰
tenn7,鄭
tha1,他
tha1,她
tha1,它
tha1,牠
tha1,祂
thah4,塔
thah8,疊
thai1,篩
thai1,苔
thai1,颱
thai2,癩
thai3,傣
thai3,太
thai3,態
thai3,汰
thai3,泰
thai3,酞
thai3,鈦
thai5,刣
thai5,台
thai5,抬
thai5,檯
thai5,臺
thai6,待
thak4,塞
thak4,拓
thak4,撻
thak8,蠹
thak8,讀
tham1,貪
tham3,嘆
tham3,探
tham5,壇
tham5,撢
tham5,撣
tham5,潭
tham5,痰
tham5,罈
tham5,談
tham5,譚
than1,坍
than1,癱
than2,坦
than2,忐
than2,毯
than2,袒
than3,賺
than3,贃
than3,趁
than5,彈
than5,檀
thang1,蹚
thang1,通
thang2,倘
thang2,帑
thang2,桶
thang2,淌
thang2,趟
thang2,躺
thang3,亙
thang3,通
thang5,唐
thang5,堂
thang5,塘
thang5,搪
thang5,桐
thang5,棠
thang5,膛
thang5,虫
thang5,蟲
thang6,動
thap4,塌
thap4,蹋
thap4,遢
thap8,塌
that4,噠
that4,踢
thau1,偷
thau1,滔
thau1,絛
thau2,㪗
thau3,套
thau3,透
thau5,掏
thau5,淘
thau5,陶
thau5,頭
the7,蜇
theh4,裼
theh8,宅
thek4,剔
thek4,彳
thek4,忑
thek4,忒
thek4,惕
thek4,搐
thek4,禿
thek4,踢
theng1,汀
theng1,烴
theng1,窓
theng1,窗
theng2,懲
theng2,挺
theng2,潁
theng2,穎
theng2,艇
theng2,逞
theng3,亂
theng3,聽
theng5,停
theng5,婷
theng5,庭
theng5,廷
theng5,澄
theng5,瞪
theng5,程
theng5,蜓
theng5,謄
theng5,騰
theng6,等
thenn1,撐
thi2,體
thi3,剃
thi3,嚏
thi3,屜
thi3,替
thi3,涕
thi3,滯
thi3,看
thi3,睇
thi3,締
thi3,翅
thi5,啼
thi5,持
thi5,提
thi6,痔
thiah4,拆
thiam1,添
thiam2,忝
thiam2,舔
thiam5,恬
thiang3,暢
thiann1,廳
thiann1,聽
thiann3,痛
thiann5,呈
thiann5,程
thiap4,帖
thiap4,貼
thiau1,挑
thiau1,迢
thiau2,眺
thiau2,窕
thiau3,超
thiau3,跳
thiau5,調
thiau5,鮡
thiau6,柱
thie1,挑
thie3,糶
thien1,天
thien2,腆
thien5,填
thien5,瞋
thiet4,徹
thiet4,撤
thiet4,澈
thiet4,轍
thih4,忒
thih4,鐵
thin5,陳
thinn1,天
thinn1,添
thinn7,縫
thiok4,畜
thiok4,蓄
thit4,佚
thiu1,抽
thiu2,丑
thiu5,儔
thiu5,濤
thiu5,疇
thiu5,籌
thiu5,躊
thng1,湯
thng3,燙
thng3,褪
thng5,糖
thng7,捅
thng7,撞
tho1,推
tho1,胎
tho2,妥
tho2,橢
tho2,討
tho3,蛻
tho3,褪
tho3,退
tho5,佗
tho5,桃
tho5,萄
tho5,陀
tho5,馱
tho5,鴕
tho6,唾
thoh4,托
thoh4,託
thoh4,魄
thoh8,駝
thoi2,體
thoi3,代
thoi3,替
thoih4,代
thoinn2,看
thoinn2,睇
thok4,禿
thong1,通
thong2,塚
thong2,寵
thong2,捅
thong2,統
thong3,痛
thong5,仝
thong5,侗
thong5,幢
thong5,彤
thong5,恫
thong5,桐
thong5,洞
thong5,瞳
thong5,童
thong5,衕
thong5,酮
thong7,洞
thou2,凸
thou2,土
thou3,兎
thou3,兔
thou3,吐
thou5,塗
thu5,儲
thu5,圖
thu5,塗
thu5,徒
thu5,滁
thu5,荼
thu5,躇
thu5,途
thua1,拖
thuah4,獺
thuan5,傳
thuan5,團
thuan5,糰
thuann1,攤
thuann1,灘
thuann1,癱
thuann2,鏟
thuann3,炭
thuann3,碳
thue1,頹
thue5,㿗
thui1,推
thui1,梯
thui2,腿
thui5,槌
thui5,錘
thui7,墜
thun1,吞
thun1,飩
thun2,氽
thun5,囤
thun5,塵
thun5,屯
thun5,燂
thun5,臀
thun5,豚
thut4,脫
thut4,黜
ti1,低
ti1,嘀
ti1,的
ti1,知
ti1,祗
ti1,蜘
ti1,遲
ti2,抵
ti3,帝
ti3,戴
ti3,智
ti3,知
ti3,緻
ti3,置
ti3,致
ti5,底
ti5,池
ti5,治
ti5,遞
ti6,弟
ti6,彘
ti6,逮
ti6,銻
ti6,隸
ti7,地
ti7,治
tia1,爹
tia1,爺
tiah4,嫡
tiah4,摘
tiah8,䨀
tiah8,糴
tiak4,耋
tiam1,掂
tiam1,沾
tiam1,玷
tiam1,砧
tiam1,硯
tiam1,霑
tiam2,㸃
tiam2,點
tiam3,坫
tiam3,店
tiam3,惦
tiam5,恬
tiam5,甜
tiam7,恬
tiang5,誰
tiann2,鼎
tiann5,呈
tiann5,埕
tiann5,庭
tiann6,錠
tiann7,定
tiap8,疊
tiap8,蝶
tiap8,諜
tiap8,鍱
tiau1,凋
tiau1,刁
tiau1,叼
tiau1,碉
tiau1,貂
tiau1,雕
tiau1,鵰
tiau3,吊
tiau3,弔
tiau5,條
tiau6,兆
tiau6,召
tiau7,掉
tiau7,調
tie5,潮
tieh8,着
tien1,巔
tien1,滇
tien1,珍
tien1,癲
tien1,顚
tien1,顛
tien2,典
tien2,展
tien2,碘
tien2,碾
tien2,腆
tien2,輾
tien6,墊
tien6,奠
tien6,殿
tien6,澱
tien6,甸
tien6,電
tienn1,張
tienn2,長
tienn3,帳
tienn3,脹
tienn3,賬
tienn3,釣
tienn5,場
tienn5,塲
tienn6,丈
tienn6,趙
tiet4,哲
tiet4,桎
tiet4,瓞
tiet4,秩
tiet4,窒
tiet4,膣
tiet4,蛭
tiet4,蜇
tiet4,跌
tiet4,輒
tiet4,迭
tiet8,侄
tiet8,姪
tih4,滴
tih4,蒂
tih8,碟
tih8,𧫡
tim1,㶩
tim1,郴
tim1,鴆
tim5,沈
tim5,沉
tim6,朕
tin1,籐
tin1,顚
tin1,顛
tin2,振
tin3,鎭
tin3,鎮
tin5,塵
tin5,藤
tin5,陳
tin7,陣
tinn5,纏
tinn6,漲
tit4,得
tit8,直
tiu1,丟
tiu2,佇
tiu2,肘
tiu2,胄
tiu2,貯
tiu5,綢
tiu6,宙
tiu6,晝
tiu6,稻
tiu6,紂
tiu7,住
tng1,當
tng2,轉
tng3,擋
tng3,當
tng3,頓
tng5,唐
tng5,堂
tng5,塘
tng5,腸
tng5,長
tng6,丈
tng6,斷
tng6,盪
tng7,傳
tng7,段
tng7,緞
to1,刀
to1,哆
to1,多
to2,倒
to2,朵
to2,短
to3,倒
to3,地
to3,戴
to5,剁
to5,垛
to5,朵
to5,朶
to5,桃
to5,淘
to5,躲
to5,逃
to6,在
to6,跺
to6,道
to7,代
to7,袋
toh4,卓
toh4,啄
toh4,桌
toh4,棹
toh4,琢
toh8,奪
toh8,掇
toh8,擇
toh8,着
toi1,堤
toi2,底
toi2,抵
toi5,蹄
toi5,題
toinn2,典
toinn6,佃
toinn6,第
toinn7,殿
toinn7,靛
toinn7,𠕆
toinn7,𠕇
tok4,斫
tok4,斲
tok4,督
tok4,築
tok4,諑
tok8,毒
tok8,犢
tok8,獨
tok8,篤
tok8,讀
tok8,逐
tom6,丼
tong1,中
tong1,冬
tong1,忠
tong1,東
tong2,懂
tong2,董
tong3,中
tong3,凍
tong3,擋
tong3,棟
tong3,疼
tong5,憧
tong6,仲
tong6,動
tong6,重
tong7,撞
tong7,蕩
tou1,都
tou2,肚
tou3,妒
tou5,圖
tou5,塗
tou5,屠
tou5,廚
tou5,涂
tou6,土
tou6,杜
tou6,肚
tou7,度
tou7,渡
tou7,鍍
tu1,堆
tu1,株
tu1,蛛
tu1,誅
tu2,堵
tu2,睹
tu2,賭
tu3,著
tu5,櫥
tua3,帶
tua3,戴
tua6,舵
tua7,大
tua7,帶
tuah4,咄
tuah4,喝
tuan1,端
tuan3,斷
tuan3,鍛
tuan6,斷
tuan6,段
tuan6,篆
tuann1,丹
tuann1,單
tuann3,旦
tuann5,壇
tuann6,惰
tuann7,彈
tue3,綴
tue6,兌
tui1,堆
tui1,椎
tui1,追
tui3,對
tui5,捶
tui5,錘
tui6,墜
tui6,墮
tui7,隊
tun1,噸
tun1,囤
tun1,堆
tun1,墩
tun1,屯
tun1,敦
tun1,諄
tun1,蹲
tun2,盾
tun2,躉
tun3,蹬
tun3,頓
tun5,脣
tun6,燉
tun6,遁
tun6,鈍
tun6,頓
tur1,猪
tur1,豬
tur5,鋤
tur5,除
tur7,箸
tut8,凸
tut8,突
tut8,術
u1,于
u1,吁
u1,呼
u1,嗚
u1,圩
u1,捂
u1,汚
u1,污
u1,烏
u1,盂
u1,竽
u1,趺
u1,迂
u2,五
u2,宇
u2,禹
u2,羽
u2,雨
u3,塢
u3,惡
u3,煦
u5,五
u5,吾
u5,娛
u6,有
ua1,哇
ua1,娃
ua1,瓦
ua1,窪
ua1,蛙
ua1,蝸
ua2,倚
ua2,我
ua7,哇
uah4,喝
uah8,活
uai1,挖
uai1,歪
uak4,焜
uak8,獲
uak8,穫
uan1,冤
uan1,寃
uan1,彎
uan1,灣
uan1,豌
uan1,鴛
uan2,剜
uan2,婉
uan2,宛
uan2,惋
uan2,皖
uan2,腕
uan2,苑
uan2,阮
uan3,怨
uan5,丸
uan5,元
uan5,員
uan5,完
uan5,椽
uan5,烷
uan5,猿
uan5,緣
uan5,莞
uan5,袁
uan5,轅
uang1,汪
uang2,往
uang2,枉
uang5,凰
uang5,王
uang5,皇
uang5,蝗
uang6,旺
uang6,王
uann1,安
uann1,鞍
uann2,碗
uann3,晏
uann3,案
uann6,旱
uann7,換
uat4,斡
uat4,曰
uat8,粵
uat8,越
ue1,鍋
ue3,尉
ue3,慰
ue3,穢
ue3,蔚
ue6,衛
ue7,畫
ue7,話
ueh4,噦
ueh4,抉
ueh8,劃
ueh8,畫
ueh8,穢
ui1,威
ui1,衣
ui1,醫
ui2,偉
ui2,委
ui2,渭
ui2,煒
ui2,緯
ui2,萎
ui2,葦
ui2,韋
ui2,韙
ui3,畏
ui3,謂
ui5,圍
ui5,桅
ui5,爲
ui5,違
ui5,韋
ui6,謂
ui7,位
ui7,胃
uinn3,畏
un1,溫
un1,瘟
un1,醞
un2,䘼
un2,殞
un2,穩
un2,蘊
un2,阮
un2,韞
un3,揾
un3,煴
un5,云
un5,勻
un5,焚
un5,紜
un5,耘
un5,鄖
un6,隕
un7,運
un7,韻
ur1,于
ur1,於
ur2,予
ur2,與
ur3,淤
ur3,翳
ur5,予
ur5,余
ur5,輿
ur5,餘
ur6,與
ur6,譽
ur6,豫
ur6,預
ur7,與
urn1,恩
urn2,尹
urn2,隱
ut4,兀
ut4,尉
ut4,斡
ut4,熨
ut4,蔚
ut4,鬱
ut8,夗
jok8,褥
jok8,辱
jong2,冗
jong5,仍
jong5,戎
jong5,絨
jong5,茸
ju2,乳
ju2,愈
ju2,癒
ju5,俞
ju5,儒
ju5,如
ju5,孺
ju5,愉
ju5,榆
ju5,渝
ju5,茹
ju5,蠕
ju5,覦
ju5,踰
ju5,逾
ju6,喻
ju6,籲
ju6,裕
juah8,熱
juah8,爇
juan2,煖
juan2,纂
juan2,轉
juan6,任
juat8,悅
juat8,說
jue5,挼
jue6,睿
jue6,銳
jui5,唯
jui5,惟
jui5,濰
jui5,維
jui6,遺
jun2,允
jun2,吮
jun6,潤
jun7,閏
jun7,韌
jur2,你
jur2,毀
jur2,汝
jur2,洱
jur2,爾
jur2,璽
jur2,耳
jur5,挐
jur5,而
jur6,女
jur6,字
jur6,膩
jur6,貳
jur6,餌
